2000,2001,2002,2003,2004,2005,2006,2007,2008,2009,2010,2011,2012,2013,2014,2015,2016,2017,2018,2019,2020,2021,2022,2023,2024,2025,2026
ACES3,ACES3,ACES3,ACES3,ACES3,ACES3,ABNB3,ABCB4,ABCB4,ABCB4,ABCB4,ABCB4,ABCB4,ABCB4,ABCB4,ABCB4,AALR3,AALR3,AALR3,AALR3,AALR3,AALR3,AALR3,AALR3,AALR3,AALR3,AALR3
ACES4,ACES4,ACES4,ACES4,ACES4,ACES4,ABYA3,ABNB3,ABNB3,ABNB3,ABNB3,AEDU3,AEDU3,ABEV3,ABEV3,ABEV3,ABCB4,ABCB4,ABCB4,ABCB4,ABCB4,ABCB4,ABCB4,ABCB4,ABCB4,ABCB4,ABCB4
AESL3,AESL3,AELP3,AELP3,AELP3,AELP3,ACES3,ABYA3,ABYA3,ABYA3,ABYA3,AELP3,AELP3,AEDU3,ABRE3,ABRE3,ABEV3,ABEV3,ABEV3,ABEV3,ABEV3,ABEV3,ABEV3,ABEV3,ABEV3,ABEV3,ABEV3
AGRA4,AESL4,AESL3,AESL3,AESL3,AESL3,ACES4,ACES3,ACES3,ACGU3,ACGU3,AFLT3,AFLT3,AELP3,AEDU3,AELP3,AELP3,ADHM3,ADHM3,ADHM3,ADHM3,AERI3,AERI3,AERI3,AERI3,ADMF3,ADMF3
AHEB3,AHEB3,AESL4,AHEB3,AESL4,AESL4,AELP3,ACES4,ACES4,AELP3,AEDU3,AFLU3,AFLU3,AFLT3,AELP3,AFLT3,AFLT3,AELP3,AELP3,AFLT3,AERI3,AESB3,AESB3,AESB3,AESB3,AERI3,AERI3
AHEB5,AHEB5,AHEB3,AHEB5,AHEB3,AHEB5,AFLU3,ACGU3,ACGU3,AFLU3,AELP3,AGRO3,AGRO3,AFLU3,AFLT3,AFLU3,AFLU3,AFLT3,AFLT3,AGRO3,AFLT3,AFLT3,AFLT3,AFLT3,AFLT3,AFLT3,AFLT3
AHEB6,AHEB6,AHEB5,AHEB6,AHEB5,ALBA3,AGRO3,AELP3,AELP3,AGIN3,AFLT3,AHEB5,AHEB3,AGRO3,AFLU3,AGRO3,AGRO3,AFLU3,AGRO3,AHEB3,AGRO3,AGRO3,AGRO3,AGRO3,AGRO3,AGRO3,AGRO3
ALBA3,ALBA3,AHEB6,ALBA3,AHEB6,ALLL3,ALLL3,AFLU3,AFLU3,AGRO3,AFLU3,AHEB6,AHEB5,AHEB3,AGRO3,AHEB3,AHEB3,AFLU5,AHEB3,AHEB5,AHEB3,AGXY3,AGXY3,AGXY3,AGXY3,AHEB3,AHEB3
ALPA3,ALPA3,ALBA3,ALPA3,ALBA3,ALLL4,ALLL4,AFLU5,AFLU5,AHEB3,AGEI3,ALLL3,AHEB6,AHEB5,AHEB5,AHEB6,AHEB5,AGRO3,AHEB6,ALPA3,AHEB5,AHEB3,AHEB3,AHEB3,AHEB3,AHEB5,ALLD3
ALPA4,ALPA4,ALPA3,ALPA4,ALLL3,ALPA3,ALPA3,AGIN3,AGIN3,AHEB5,AGIN3,ALPA3,ALLL3,ALLL3,ALLL3,ALLL3,AHEB6,AHEB3,ALPA3,ALPA4,AHEB6,AHEB5,AHEB6,AHEB5,AHEB5,AHEB6,ALOS3
AMBV3,AMBV3,ALPA4,AMBV3,ALLL4,ALPA4,ALPA4,AGRO3,AGRO3,ALLL3,AGRO3,ALPA4,ALPA3,ALPA3,ALPA3,ALPA3,ALPA3,AHEB5,ALPA4,ALSC3,ALPA3,AHEB6,ALLD3,AHEB6,AHEB6,ALLD3,ALPA3
AMBV4,AMBV4,AMBV3,AMBV4,ALPA3,AMBV3,AMBV3,AHEB5,AHEB3,ALLL4,AHEB3,ALSC3,ALPA4,ALPA4,ALPA4,ALPA4,ALPA4,AHEB6,ALSC3,ALSO3,ALPA4,ALLD3,ALPA3,ALLD3,ALLD3,ALOS3,ALPA4
AMLC4,AMCE3,AMBV4,AMLC4,ALPA4,AMBV4,AMBV4,AHEB6,ALLL3,ALPA3,AHEB5,AMAR3,ALSC3,ALSC3,ALSC3,ALSC3,ALSC3,ALPA3,ALUP3,ALUP3,ALPK3,ALPA3,ALPA4,ALOS3,ALOS3,ALPA3,ALPK3
APTI4,AMLC4,AMCE3,APTI4,AMBV3,APTI4,AMPI3,ALLL3,ALLL4,ALPA4,AHEB6,AMBV3,AMAR3,AMAR3,AMAR3,AMAR3,ALUP3,ALPA4,ALUP4,ALUP4,ALSO3,ALPA4,ALPK3,ALPA3,ALPA3,ALPA4,ALUP3
ARCZ3,APTI4,AMLC4,ARCZ3,AMBV4,ARCE3,APTI4,ALLL4,ALPA3,AMBV3,ALLL3,AMBV4,AMBV3,AMBV3,ANIM3,ANIM3,ALUP4,ALSC3,AMAR3,AMAR3,ALUP3,ALPK3,ALSO3,ALPA4,ALPA4,ALPK3,ALUP4
ARCZ5,ARCZ3,APTI4,ARCZ5,APTI4,ARCZ3,ARCE3,ALPA3,ALPA4,AMBV4,ALLL4,AMCE3,AMBV4,AMBV4,AORE3,AORE3,AMAR3,ALUP3,ANIM3,ANIM3,ALUP4,ALSO3,ALUP3,ALPK3,ALPK3,ALUP3,AMAR3
ARCZ6,ARCZ5,ARCZ3,ARCZ6,ARCZ3,ARCZ5,ARCZ3,ALPA4,AMBV3,AMCE3,ALPA3,AMIL3,AMCE3,AMIL3,ARTR3,APTI4,ANIM3,ALUP4,APER3,APER3,AMAR3,ALUP3,ALUP4,ALSO3,ALUP3,ALUP4,AMOB3
ARLA3,ARCZ6,ARCZ5,ARLA3,ARCZ5,ARCZ6,ARCZ5,AMBV3,AMBV4,AMIL3,ALPA4,AMPI3,AMIL3,ANIM3,ARZZ3,ARTR3,APTI4,AMAR3,APTI4,ARZZ3,AMBP3,ALUP4,AMAR3,ALUP3,ALUP4,AMAR3,ANIM3
ARLA4,ARLA3,ARCZ6,ARLA4,ARCZ6,ARLA4,ARCZ6,AMBV4,AMCE3,AMPI3,ALSC3,AORE3,AMPI3,AORE3,AUTM3,ARZZ3,ARTR3,ANIM3,ARZZ3,ATOM3,ANIM3,AMAR3,AMBP3,ALUP4,AMAR3,AMBP3,ARML3
ARTE3,ARLA4,ARLA3,ARTE3,ARLA3,ARTE3,ARLA3,AMIL3,AMIL3,ARCZ3,AMAR3,ARZZ3,AORE3,ARTR3,AZEV3,AZEV3,ARZZ3,APTI4,ATOM3,AZEV3,APER3,AMBP3,AMER3,AMAR3,AMBP3,AMOB3,ARND3
ARTE4,ARTE3,ARLA4,ARTE4,ARLA4,ARTE4,ARLA4,AMPI3,AMPI3,ARCZ5,AMBV3,AUTM3,ARTR3,ARZZ3,AZEV4,AZEV4,AZEV3,ARZZ3,AZEV3,AZEV4,ARZZ3,AMER3,ANIM3,AMBP3,AMOB3,ANIM3,ASAI3
ASSM3,ARTE4,ARPS3,ASSM3,ARTE3,ASSM3,ARTE3,APTI4,AMRI8,ARCZ6,AMBV4,AVIL3,ARZZ3,AUTM3,BAHI3,BAHI3,AZEV4,ATOM3,AZEV4,AZUL4,ATOM3,ANIM3,APER3,AMER3,ANIM3,ARML3,ATED3
ASTA4,ASSM3,ARTE3,ASTA4,ARTE4,ASTA4,ARTE4,ARCE3,APTI4,ARLA3,AMCE3,AZEV3,AUTM3,AZEV3,BALM4,BALM4,BAHI3,AZEV3,AZUL4,B3SA3,AVLL3,APER3,ARML3,ANIM3,APER3,ARND3,AUAU3
ATEL4,ASTA4,ARTE4,AVIL3,ASSM3,AVIL3,ASSM3,ARCZ3,ARCZ3,ARLA4,AMIL3,AZEV4,AZEV4,AZEV4,BAUH4,BAUH4,BALM4,AZEV4,B3SA3,BAHI3,AZEV3,ARML3,ARZZ3,APER3,ARML3,ASAI3,AURE3
AVIL3,AVIL3,ASSM3,AVPL3,ASTA4,AVPL3,ASSM4,ARCZ5,ARCZ5,AVIL3,AMPI3,BAHI3,BAHI3,BAHI3,BAZA3,BAZA3,BAUH4,AZUL4,BAHI3,BALM3,AZEV4,ARZZ3,ASAI3,ARML3,ARZZ3,ATED3,AVLL3
AVIL4,AVIL4,ASTA4,AZEV4,AVIL3,AZEV4,ASTA4,ARCZ6,ARCZ6,BAHI3,AVIL3,BALM3,BALM4,BALM4,BBAS3,BBAS3,BAZA3,BAHI3,BALM3,BALM4,AZUL4,ASAI3,ATOM3,ARZZ3,ASAI3,AURE3,AXIA3
AVPL3,AVPL3,AVIL3,BAHI3,AVPL3,BAHI3,AVIL3,ARLA3,ARLA3,BAHI4,BAHI3,BALM4,BAUH4,BAUH4,BBDC3,BBDC3,BBAS3,BALM3,BALM4,BAUH4,B3SA3,ATOM3,AURE3,ASAI3,ATED3,AVLL3,AXIA6
AZEV4,AZEV4,AVPL3,BAHI5,AZEV4,BAHI5,AVPL3,ARLA4,ARLA4,BALM3,BALM3,BAUH4,BAZA3,BAZA3,BBDC4,BBDC4,BBDC3,BALM4,BAUH4,BAZA3,BAHI3,AVLL3,AVLL3,ATOM3,ATOM3,AXIA3,AXIA7
BAAM3,BAAM3,AZEV4,BALM3,BAHI3,BALM3,AZEV4,ASSM3,AVIL3,BALM4,BALM4,BAZA3,BBAS3,BBAS3,BBRK3,BBRK3,BBDC4,BAUH4,BAZA3,BBAS3,BALM3,AZEV3,AZEV3,AURE3,AURE3,AXIA5,AZEV3
BAAM4,BAAM4,BAAM3,BALM4,BAHI5,BALM4,BAHI3,ASTA4,AZEV4,BAUH4,BAUH4,BBAS3,BBDC3,BBDC3,BBSE3,BBSE3,BBRK3,BAZA3,BBAS3,BBDC3,BALM4,AZEV4,AZEV4,AVLL3,AVLL3,AXIA6,AZEV4
BAHI3,BAHI3,BAAM4,BAUH4,BALM3,BAUH4,BAHI4,AVIL3,BAHI3,BAZA3,BAZA3,BBDC3,BBDC4,BBDC4,BDLL3,BDLL4,BBSE3,BBAS3,BBDC3,BBDC4,BAUH4,AZUL4,AZUL4,AZEV3,AZEV3,AXIA7,AZTE3
BAHI4,BAHI4,BAHI3,BAZA3,BALM4,BAZA3,BAHI5,AVPL3,BAHI4,BBAS3,BBAS3,BBDC4,BBRK3,BBRK3,BDLL4,BEEF3,BDLL4,BBDC3,BBDC4,BBRK3,BAZA3,B3SA3,B3SA3,AZEV4,AZEV4,AZEV3,AZZA3
BARB3,BALM3,BAHI4,BBAS3,BAUH4,BBAS3,BALM3,BAHI3,BALM3,BBDC3,BBDC3,BBRK3,BDLL4,BBSE3,BEEF3,BEES3,BEEF3,BBDC4,BBRK3,BBSE3,BBAS3,BAHI3,BAHI3,AZUL4,AZUL4,AZEV4,B3SA3
BARB4,BALM4,BAHI5,BBDC3,BAZA3,BBDC3,BALM4,BAHI4,BALM4,BBDC4,BBDC4,BDLL4,BEEF3,BDLL3,BEES3,BEES4,BEES3,BBRK3,BBSE3,BDLL4,BBDC3,BALM3,BALM3,B3SA3,AZZA3,AZTE3,BALM3
BASU3,BARB3,BALM3,BBDC4,BBAS3,BBDC4,BAUH4,BAUH4,BAUH4,BBRK3,BBRK3,BEEF3,BEES3,BDLL4,BEES4,BEMA3,BEES4,BBSE3,BDLL4,BEEF3,BBDC4,BALM4,BALM4,BAHI3,B3SA3,AZUL4,BALM4
BASU5,BARB4,BALM4,BCAL6,BBDC3,BCAL6,BAZA3,BAZA3,BAZA3,BDLL3,BDLL3,BEES3,BEES4,BEEF3,BEMA3,BGIP3,BGIP3,BDLL3,BEEF3,BEES3,BBRK3,BAUH4,BAUH4,BALM3,BAHI3,AZZA3,BAUH4
BASU6,BAUH4,BAUH4,BDLL3,BBDC4,BDLL3,BBAS3,BBAS3,BBAS3,BDLL4,BDLL4,BEES4,BEMA3,BEES3,BGIP3,BGIP4,BGIP4,BDLL4,BEES3,BEES4,BBSE3,BAZA3,BAZA3,BALM4,BALM3,B3SA3,BAZA3
BAUH4,BAZA3,BAZA3,BDLL4,BCAL6,BDLL4,BBDC3,BBDC3,BBDC3,BEEF3,BEEF3,BEMA3,BGIP3,BEES4,BGIP4,BHGR3,BIOM3,BEEF3,BEES4,BGIP3,BEEF3,BBAS3,BBAS3,BAUH4,BALM4,BALM3,BBAS3
BAZA3,BBAS3,BBAS3,BECE3,BDLL3,BECE3,BBDC4,BBDC4,BBDC4,BEES3,BEES3,BGIP3,BGIP4,BEMA3,BHGR3,BICB3,BMEB3,BEES3,BGIP3,BGIP4,BEES3,BBDC3,BBDC3,BAZA3,BAUH4,BALM4,BBDC3
BBAS3,BBAS4,BBAS4,BECE4,BDLL4,BECE4,BCAL6,BBRK3,BBRK3,BEES4,BEES4,BGIP4,BHGR3,BGIP3,BICB3,BICB4,BMEB4,BEES4,BGIP4,BIDI3,BEES4,BBDC4,BBDC4,BBAS3,BAZA3,BAUH4,BBDC4
BBAS4,BBDC3,BBDC3,BEES3,BECE3,BEES3,BDLL3,BCAL6,BCAL6,BEMA3,BEMA3,BHGR3,BICB3,BGIP4,BICB4,BIOM3,BMIN3,BGIP3,BIDI4,BIDI4,BGIP3,BBRK3,BBRK3,BBDC3,BBAS3,BAZA3,BBSE3
BBCM3,BBDC4,BBDC4,BELG3,BECE4,BELG3,BDLL4,BDLL3,BDLL4,BGIP3,BGIP3,BICB3,BICB4,BHGR3,BIOM3,BISA3,BMIN4,BGIP4,BIOM3,BIOM3,BGIP4,BBSE3,BBSE3,BBDC4,BBDC3,BBAS3,BEEF3
BBCM4,BCAL6,BCAL6,BELG4,BEES3,BELG4,BECE3,BDLL4,BEEF3,BGIP4,BGIP4,BICB4,BIOM3,BICB3,BISA3,BMEB3,BMKS3,BIOM3,BKBR3,BKBR3,BIDI3,BEEF3,BEEF3,BBSE3,BBDC4,BBDC3,BEES3
BBDC3,BDLL3,BDEP3,BEMG3,BELG3,BESP3,BECE4,BEEF3,BEES3,BICB3,BHGR3,BIOM3,BIOM4,BICB4,BMEB3,BMEB4,BMTO3,BKBR3,BMEB3,BMEB3,BIDI4,BEES3,BEES3,BEEF3,BBSE3,BBDC4,BEES4
BBDC4,BDLL4,BDLL3,BEMG4,BELG4,BESP4,BEES3,BEES3,BEES4,BICB4,BICB3,BIOM4,BISA3,BIOM3,BMEB4,BMIN3,BMTO4,BMEB3,BMEB4,BMEB4,BIOM3,BEES4,BEES4,BEES3,BEEF3,BBSE3,BGIP3
BCAL6,BECE3,BDLL4,BEPA3,BESP3,BFIT3,BESP3,BEMA3,BEMA3,BIOM3,BICB4,BISA3,BMEB3,BIOM4,BMIN3,BMIN4,BNBR3,BMEB4,BMIN3,BMGB4,BKBR3,BGIP3,BGIP3,BEES4,BEES3,BEEF3,BGIP4
BDEP3,BECE4,BECE3,BEPA4,BESP4,BFIT4,BESP4,BESP3,BGIP3,BIOM4,BIOM3,BMEB3,BMEB4,BISA3,BMIN4,BMKS3,BOBR4,BMIN3,BMIN4,BMIN3,BMEB3,BGIP4,BGIP4,BGIP3,BEES4,BEES3,BHIA3
BDLL3,BEES3,BECE4,BESP3,BFIT3,BGIP3,BFIT3,BESP4,BGIP4,BISA3,BIOM4,BMEB4,BMIN3,BMEB3,BMKS3,BMTO3,BPAC3,BMIN4,BMKS3,BMIN4,BMEB4,BIDI3,BIDI3,BGIP4,BGIP3,BEES4,BIED3
BDLL4,BELG3,BEES3,BESP4,BFIT4,BGIP4,BFIT4,BFIT3,BICB3,BMEB3,BISA3,BMIN3,BMIN4,BMEB4,BMTO3,BMTO4,BPAC5,BMKS3,BNBR3,BMKS3,BMGB4,BIDI4,BIDI4,BHIA3,BGIP4,BGIP3,BIOM3
BEBA5,BELG4,BELG3,BEXC4,BGIP3,BIOM3,BGIP3,BFIT4,BICB4,BMEB4,BMEB3,BMIN4,BMKS3,BMIN3,BMTO4,BNBR3,BPAN4,BNBR3,BOBR4,BNBR3,BMIN3,BIOM3,BIOM3,BIOM3,BHIA3,BGIP4,BLAU3
BEBA6,BEMG3,BELG4,BFIT3,BGIP4,BIOM4,BGIP4,BGIP3,BIOM3,BMIN3,BMEB4,BMKS3,BMTO3,BMIN4,BNBR3,BOBR4,BPHA3,BOBR4,BPAC3,BOBR4,BMIN4,BKBR3,BKBR3,BLAU3,BIED3,BHIA3,BMEB3
BECE3,BEMG4,BEMG3,BFIT4,BIOM3,BMEB4,BIOM3,BGIP4,BIOM4,BMIN4,BMIN3,BMTO3,BMTO4,BMKS3,BNBR4,BPAN4,BRAP3,BPAC3,BPAC5,BPAC3,BMKS3,BLAU3,BLAU3,BMEB3,BIOM3,BIED3,BMEB4
BECE4,BEPA3,BEMG4,BGIP3,BIOM4,BMIN3,BIOM4,BICB3,BISA3,BMKS3,BMIN4,BMTO4,BNBR3,BMTO3,BOBR4,BPHA3,BRAP4,BPAC5,BPAN4,BPAC5,BNBR3,BLUT3,BLUT3,BMEB4,BLAU3,BIOM3,BMGB4
BEES3,BEPA4,BEPA3,BGIP4,BMEB3,BMIN4,BISA3,BICB4,BMEB3,BMTO3,BMKS3,BNBR3,BNBR4,BMTO4,BPAN4,BRAP3,BRFS3,BPAN4,BPAR3,BPAN4,BOAS3,BLUT4,BLUT4,BMGB4,BMEB3,BLAU3,BMIN4
BELG3,BESP3,BEPA4,BGOS3,BMEB4,BMKS3,BMEB3,BIOM3,BMEB4,BMTO4,BMTO3,BNBR4,BOBR4,BNBR3,BPHA3,BRAP4,BRGE3,BPHA3,BPHA3,BPAR3,BOBR3,BMEB3,BMEB3,BMIN3,BMEB4,BMEB3,BMKS3
BELG4,BESP4,BESP3,BGOS4,BMIN3,BMTO3,BMEB4,BIOM4,BMEF3,BNBR3,BMTO4,BOBR4,BPHA3,BNBR4,BPNM4,BRFS3,BRGE5,BRAP3,BRAP3,BRAP3,BOBR4,BMEB4,BMEB4,BMIN4,BMGB4,BMEB4,BMOB3
BEMG3,BEXC4,BESP4,BHEQ3,BMIN4,BMTO4,BMIN3,BISA3,BMIN3,BNBR4,BNBR3,BPHA3,BPNM4,BOBR4,BRAP3,BRGE3,BRGE6,BRAP4,BRAP4,BRAP4,BPAC3,BMGB4,BMGB4,BMKS3,BMIN3,BMGB4,BNBR3
BEMG4,BFIT3,BEXC4,BHEQ4,BMKS3,BNBR3,BMIN4,BMBR4,BMIN4,BNCA3,BNBR4,BPNM4,BRAP3,BPHA3,BRAP4,BRGE5,BRGE7,BRDT3,BRDT3,BRDT3,BPAC5,BMIN3,BMIN3,BMOB3,BMIN4,BMIN3,BPAC3
BEPA3,BFIT4,BFIT3,BIOM3,BMTO3,BNBR4,BMKS3,BMEB3,BMKS3,BOBR4,BNCA3,BRAP3,BRAP4,BPNM4,BRFS3,BRGE6,BRGE8,BRFS3,BRFS3,BRFS3,BPAN4,BMIN4,BMIN4,BNBR3,BMKS3,BMIN4,BPAC5
BEPA4,BGIP4,BFIT4,BIOM4,BMTO4,BNCA3,BMTO3,BMEB4,BMTO3,BPIA3,BOBR4,BRAP4,BRFS3,BRAP3,BRGE3,BRGE7,BRIN3,BRGE3,BRGE3,BRGE3,BRAP3,BMKS3,BMKS3,BOAS3,BMOB3,BMKS3,BPAN4
BESP3,BGOS3,BGIP3,BMCT3,BNBR3,BOBR4,BMTO4,BMEF3,BMTO4,BPNM4,BPNM4,BRFS3,BRGE3,BRAP4,BRGE6,BRGE8,BRIV3,BRGE6,BRGE5,BRGE5,BRAP4,BMOB3,BMOB3,BOBR4,BNBR3,BMOB3,BRAP3
BESP4,BGOS4,BGIP4,BMCT4,BNBR4,BPIA3,BNBR3,BMIN3,BNBR3,BRAP3,BRAP3,BRGE3,BRGE6,BRFS3,BRGE8,BRIN3,BRIV4,BRGE8,BRGE6,BRGE6,BRDT3,BNBR3,BNBR3,BPAC3,BOBR4,BNBR3,BRAP4
BEXC4,BHEQ3,BGOS3,BMEB3,BOBR4,BRAP3,BNBR4,BMIN4,BNBR4,BRAP4,BRAP4,BRGE5,BRGE7,BRGE3,BRIN3,BRIV3,BRKM3,BRIN3,BRGE7,BRGE7,BRFS3,BOAS3,BOAS3,BPAC5,BPAC3,BOBR4,BRAV3
BFIT3,BHEQ4,BGOS4,BMEB4,BPAR3,BRAP4,BNCA3,BMKS3,BNCA3,BRFS3,BRFS3,BRGE6,BRGE8,BRGE5,BRIV3,BRIV4,BRKM5,BRIV3,BRGE8,BRGE8,BRGE3,BOBR4,BOBR4,BPAN4,BPAC5,BPAC3,BRKM3
BFIT4,BIOB4,BHEQ3,BMIN3,BPIA3,BRGE3,BOBR4,BMTO3,BOBR4,BRGE3,BRGE3,BRGE7,BRIN3,BRGE6,BRIV4,BRKM3,BRKM6,BRIV4,BRIN3,BRIV3,BRGE5,BPAC3,BPAC3,BRAP3,BPAN4,BPAC5,BRKM5
BGIP3,BIVT4,BHEQ4,BMIN4,BRAP3,BRGE5,BPIA3,BMTO4,BOVH3,BRGE5,BRGE5,BRGE8,BRIV3,BRGE7,BRKM3,BRKM5,BRML3,BRKM3,BRIV3,BRIV4,BRGE6,BPAC5,BPAC5,BRAP4,BRAP3,BPAN4,BRKM6
BGIP4,BMCT3,BIOB3,BMKS3,BRAP4,BRGE6,BRAP3,BNBR3,BPIA3,BRGE6,BRGE6,BRIN3,BRIV4,BRGE8,BRKM5,BRKM6,BRPR3,BRKM5,BRIV4,BRKM3,BRGE8,BPAN4,BPAN4,BRFS3,BRAP4,BRAP3,BRSR3
BGOS3,BMCT4,BIOB4,BMTO3,BRGE3,BRGE7,BRAP4,BNBR4,BPNM4,BRGE7,BRGE7,BRIV3,BRKM3,BRIN3,BRKM6,BRML3,BRSR3,BRKM6,BRKM3,BRKM5,BRIV3,BRAP3,BRAP3,BRGE3,BRAV3,BRAP4,BRSR5
BGOS4,BMEB4,BIOM3,BMTO4,BRGE5,BRGE8,BRGE3,BNCA3,BRAP3,BRGE8,BRGE8,BRIV4,BRKM5,BRIV3,BRML3,BRPR3,BRSR5,BRML3,BRKM5,BRKM6,BRIV4,BRAP4,BRAP4,BRGE5,BRFS3,BRAV3,BRSR6
BHEQ4,BMIN3,BIOM4,BNBR3,BRGE6,BRIV3,BRGE5,BOBR4,BRAP4,BRIV3,BRIN3,BRKM3,BRKM6,BRIV4,BRPR3,BRSR3,BRSR6,BRPR3,BRKM6,BRML3,BRKM3,BRDT3,BRFS3,BRGE6,BRGE3,BRFS3,BRST3
BIOB3,BMIN4,BIVT4,BNBR4,BRGE8,BRIV4,BRGE6,BOVH3,BRGE3,BRIV4,BRIV3,BRKM5,BRML3,BRKM3,BRSR3,BRSR5,BSEV3,BRSR3,BRML3,BRPR3,BRKM5,BRFS3,BRGE3,BRGE7,BRGE5,BRKM3,BSLI3
BIOB4,BMKS3,BMCT3,BOBR4,BRIV3,BRKM3,BRGE7,BPIA3,BRGE6,BRKM3,BRIV4,BRKM6,BRPR3,BRKM5,BRSR5,BRSR6,BSLI4,BRSR5,BRPR3,BRSR3,BRKM6,BRGE3,BRGE5,BRGE8,BRGE6,BRKM5,BSLI4
BIOB5,BMTO3,BMCT4,BRAP3,BRIV4,BRKM5,BRGE8,BPNM4,BRGE7,BRKM5,BRKM3,BRML3,BRSR3,BRKM6,BRSR6,BSEV3,BTOW3,BRSR6,BRSR3,BRSR5,BRML3,BRGE5,BRGE6,BRIT3,BRGE7,BRKM6,CALI3
BIOB6,BMTO4,BMEB4,BRAP4,BRKM3,BRKM6,BRIV3,BRAP3,BRGE8,BRKM6,BRKM5,BRPR3,BRSR5,BRML3,BSEV3,BSLI3,BTTL3,BSEV3,BRSR5,BRSR6,BRPR3,BRGE6,BRGE8,BRIV3,BRGE8,BRSR3,CAMB3
BIOB7,BNBR3,BMIN3,BRDT3,BRKM5,BRSR3,BRIV4,BRAP4,BRIV3,BRML3,BRKM6,BRSR3,BRSR6,BRPR3,BSLI3,BSLI4,BTTL4,BSLI3,BRSR6,BSEV3,BRSR3,BRGE8,BRIT3,BRIV4,BRIT3,BRSR5,CAML3
BIVT3,BNBR4,BMIN4,BRDT4,BRKM6,BRSR4,BRKM3,BRGE3,BRIV4,BRSR3,BRML3,BRSR5,BRTO3,BRSR3,BSLI4,BTOW3,BVMF3,BSLI4,BSEV3,BSLI3,BRSR5,BRIT3,BRIV3,BRKM3,BRIV3,BRSR6,CASH3
BIVT4,BOBR4,BMKS3,BRGE3,BRSR3,BRTO3,BRKM5,BRGE5,BRKM3,BRSR5,BRPR3,BRSR6,BRTO4,BRSR5,BTOW3,BTTL3,CALI4,BTOW3,BSLI3,BSLI4,BRSR6,BRIV3,BRIV4,BRKM5,BRIV4,BRST3,CBAV3
BMCT3,BPAR3,BMTO3,BRGE5,BRSR4,BRTO4,BRKM6,BRGE6,BRKM5,BRSR6,BRSR3,BRTO3,BSLI3,BRSR6,BTTL3,BTTL4,CAMB4,BTTL3,BSLI4,BTOW3,BSEV3,BRIV4,BRKM3,BRKM6,BRKM3,BSLI3,CBEE3
BMCT4,BPCO4,BMTO4,BRGE6,BRTO3,BRTP3,BRSR3,BRGE7,BRKM6,BRTO3,BRSR5,BRTO4,BSLI4,BSEV3,BTTL4,BVMF3,CARD3,BTTL4,BTOW3,BTTL3,BSLI3,BRKM3,BRKM5,BRML3,BRKM5,BSLI4,CCTY3
BMEB3,BPIA3,BNBR3,BRGE8,BRTO4,BRTP4,BRSR4,BRGE8,BRML3,BRTO4,BRSR6,BSLI3,BTOW3,BSLI3,BVMF3,CAMB4,CASN3,BVMF3,BTTL3,CALI4,BSLI4,BRKM5,BRKM6,BRPR3,BRKM6,CALI3,CEAB3
BMEB4,BPLA3,BNBR4,BRIV3,BRTP3,BSCT5,BRTO3,BRIV3,BRSR3,BRTP3,BRTO3,BSLI4,BTTL3,BSLI4,CAMB4,CARD3,CASN4,CALI4,BTTL4,CAMB3,BTOW3,BRKM6,BRML3,BRSR3,BRSR3,CAMB3,CEBR3
BMIN3,BPLA5,BOBR4,BRIV4,BRTP4,BSCT6,BRTO4,BRIV4,BRSR5,BRTP4,BRTO4,BTOW3,BTTL4,BTOW3,CARD3,CASN4,CBEE3,CAMB4,BVMF3,CAMB4,BTTL3,BRML3,BRPR3,BRSR5,BRSR5,CAML3,CEBR5
BMIN4,BRAP3,BPIA3,BRKM3,BSCT5,BSGR3,BRTP3,BRKM3,BRSR6,BSCT5,BSLI3,BTTL3,BVMF3,BTTL3,CBEE3,CBEE3,CBMA3,CAML3,CALI3,CAML3,CALI4,BRPR3,BRSR3,BRSR6,BRSR6,CASH3,CEBR6
BMKS3,BRAP4,BPLA5,BRKM5,BSCT6,BUET3,BRTP4,BRKM5,BRTO3,BSCT6,BSLI4,BTTL4,CAFE3,BTTL4,CBMA3,CBMA3,CBMA4,CARD3,CALI4,CARD3,CAMB3,BRSR3,BRSR5,BSLI3,BRST3,CBAV3,CEDO3
BMTO3,BRDT3,BRAP3,BRKM6,BSGR3,BUET4,BSCT5,BRKM6,BRTO4,BSLI3,BTOW3,BVMF3,CAFE4,BVMF3,CBMA4,CBMA4,CCPR3,CASN3,CAMB4,CASN3,CAML3,BRSR5,BRSR6,BSLI4,BSLI3,CBEE3,CEDO4
BMTO4,BRDT4,BRAP4,BRSR3,BSLI4,CAFE3,BSCT6,BRML3,BRTP3,BSLI4,BTTL3,CAFE3,CAMB4,CALI4,CCPR3,CCPR3,CCRO3,CBEE3,CAML3,CASN4,CARD3,BRSR6,BSLI3,CALI3,BSLI4,CCRO3,CEEB3
BNBR3,BRGE3,BRDT3,BRSR4,BSUL5,CAFE4,BUET3,BRSR3,BRTP4,BTOW3,BTTL4,CAFE4,CARD3,CAMB4,CCRO3,CCRO3,CCXC3,CCPR3,CARD3,CBEE3,CASH3,BSEV3,BSLI4,CAMB3,CALI3,CCTY3,CEEB5
BNBR4,BRGE6,BRDT4,BRTO3,BSUL6,CALI3,BUET4,BRSR4,BSCT5,BTTL3,BUET3,CALI3,CASN3,CARD3,CCXC3,CCXC3,CEBR3,CCRO3,CASN4,CCPR3,CASN3,BSLI3,CALI3,CAML3,CAMB3,CEAB3,CEED3
BOBR4,BRGE7,BRGE3,BRTO4,BUET4,CALI4,CAFE3,BRSR5,BSCT6,BTTL4,BUET4,CALI4,CASN4,CASN3,CEBR3,CEBR3,CEBR5,CCXC3,CBEE3,CCRO3,CASN4,BSLI4,CAMB3,CASH3,CAML3,CEBR3,CEGR3
BPCO4,BRGE8,BRGE5,BRTP3,CAFE3,CAMB4,CAFE4,BRSR6,BTOW3,BUET3,BVMF3,CAMB4,CBEE3,CBEE3,CEBR5,CEBR5,CEBR6,CEBR3,CCPR3,CCXC3,CBEE3,BTOW3,CAML3,CASN3,CASH3,CEBR5,CGAS3
BPLA5,BRIV3,BRGE6,BRTP4,CAFE4,CBEE3,CALI4,BRTO3,BTTL3,BUET4,CAFE3,CARD3,CBMA3,CBMA3,CEBR6,CEBR6,CEDO3,CEBR5,CCRO3,CEAB3,CCPR3,BTTL3,CARD3,CBAV3,CBAV3,CEBR6,CGAS5
BRAP3,BRIV4,BRGE7,BSCT5,CALI3,CBMA4,CAMB4,BRTO4,BTTL4,BVMF3,CAFE4,CASN3,CBMA4,CBMA4,CEDO3,CEDO3,CEDO4,CEBR6,CCXC3,CEBR3,CCRO3,CAMB3,CASH3,CBEE3,CBEE3,CEDO3,CGRA3
BRAP4,BRSR3,BRGE8,BSCT6,CALI4,CCHI3,CARD3,BRTP3,BUET3,CAFE3,CALI3,CASN4,CCIM3,CCPR3,CEDO4,CEDO4,CEEB3,CEDO3,CEBR3,CEBR5,CEAB3,CAML3,CASN3,CCRO3,CCRO3,CEDO4,CGRA4
BRDT4,BRSR4,BRIV3,BSGR3,CBEE3,CCHI4,CASN3,BRTP4,BUET4,CAFE4,CALI4,CBEE3,CCPR3,CCRO3,CEEB3,CEEB3,CEEB5,CEDO4,CEBR5,CEBR6,CEBR3,CARD3,CBAV3,CEAB3,CEAB3,CEEB3,CLSC3
BRGE3,BSCT5,BRIV4,BSLI4,CBMA3,CCRO3,CASN4,BSCT3,BVMF3,CALI4,CAMB4,CBMA3,CCRO3,CCXC3,CEEB5,CEEB5,CEED3,CEEB3,CEBR6,CEDO3,CEBR5,CASH3,CBEE3,CEBR3,CEBR3,CEEB5,CLSC4
BRGE5,BSCT6,BRKM3,BSUL5,CBMA4,CCTU4,CBEE3,BSCT5,CAFE3,CAMB4,CARD3,CBMA4,CCXC3,CEBR3,CEED3,CEED3,CEED4,CEEB5,CEDO3,CEDO4,CEBR6,CASN3,CCRO3,CEBR5,CEBR5,CEED3,CMIG3
BRGE6,BSGR3,BRKM5,BSUL6,CCHI3,CEBR3,CBMA4,BSCT6,CAFE4,CARD3,CASN3,CCIM3,CEBR3,CEBR5,CEED4,CEED4,CEGR3,CEED3,CEDO4,CEEB3,CEDO3,CBAV3,CEAB3,CEBR6,CEBR6,CEGR3,CMIG4
BRGE7,BSLI3,BRKM6,BUET4,CCHI4,CEBR5,CCHI3,BTOW3,CALI3,CASN3,CASN4,CCPR3,CEBR5,CEBR6,CEGR3,CEGR3,CELP3,CEED4,CEEB3,CEEB5,CEDO4,CBEE3,CEBR3,CEDO3,CEDO3,CGAS3,CMIN3
BRGE8,BSUL5,BRSR3,CAFE4,CCRO3,CEBR6,CCHI4,BTTL3,CALI4,CASN4,CBEE3,CCRO3,CEBR6,CEDO3,CELP3,CELP3,CELP5,CEGR3,CEEB5,CEED3,CEEB3,CCPR3,CEBR5,CEDO4,CEDO4,CGAS5,COCE3
BRHA3,BUET4,BRSR4,CALI3,CCTU4,CEDO3,CCRO3,BTTL4,CAMB4,CBEE3,CBMA3,CEBR3,CEDO3,CEDO4,CEPE5,CELP5,CELP7,CELP3,CEED3,CEED4,CEEB5,CCRO3,CEBR6,CEEB3,CEEB3,CGRA3,COCE5
BRHA4,CAFE4,BRTO3,CALI4,CEBR3,CEDO4,CCTU4,BUET3,CARD3,CBMA3,CBMA4,CEBR5,CEDO4,CEEB3,CEPE6,CELP6,CEPE5,CELP5,CEED4,CEGR3,CEED3,CEAB3,CEDO3,CEEB5,CEEB5,CGRA4,COGN3
BRIV3,CALI4,BRTO4,CAMB4,CEBR5,CEEB3,CEBR3,BUET4,CASN3,CBMA4,CCIM3,CEBR6,CEEB3,CEEB5,CESP3,CELP7,CEPE6,CELP7,CEGR3,CELP3,CEED4,CEBR3,CEDO4,CEED3,CEED3,CLSA3,CPFE3
BRIV4,CAMB4,BRTP3,CARB5,CEBR6,CEEB5,CEBR5,CAFE3,CASN4,CCIM3,CCPR3,CEDO3,CEEB5,CEED3,CESP5,CEPE5,CESP3,CEPE5,CELP3,CELP5,CEGR3,CEBR5,CEEB3,CEED4,CEED4,CLSC3,CPLE3
BRSR3,CARB5,BRTP4,CARB6,CEDO3,CEGR3,CEBR6,CAFE4,CBAG3,CCPR3,CCRO3,CEDO4,CEED3,CEED4,CESP6,CEPE6,CESP5,CEPE6,CELP5,CELP6,CEPE3,CEBR6,CEEB5,CEGR3,CEGR3,CLSC4,CRPG3
BRSR4,CARB6,BSCT5,CBEE3,CEDO4,CELM3,CEDO4,CALI4,CBEE3,CCRO3,CEBR3,CEEB3,CEED4,CEGR3,CGAS3,CESP3,CESP6,CESP3,CELP6,CELP7,CEPE5,CEDO3,CEED3,CGAS3,CGAS3,CMIG3,CRPG5
BSCT5,CBEE3,BSCT6,CBMA4,CEEB3,CELP5,CEEB3,CAMB4,CBMA3,CEBR3,CEBR5,CEEB5,CEGR3,CEPE5,CGAS5,CESP5,CGAS3,CESP5,CELP7,CEPE5,CEPE6,CEDO4,CEED4,CGAS5,CGAS5,CMIG4,CRPG6
BSCT6,CBMA4,BSGR3,CCHI3,CEEB5,CELP7,CEEB5,CARD3,CBMA4,CEBR5,CEBR6,CEED3,CEPE3,CEPE6,CGRA3,CESP6,CGAS5,CESP6,CEPE5,CEPE6,CESP3,CEEB3,CEGR3,CGRA3,CGRA3,CMIN3,CSAN3
BSEG3,CCHI3,BSLI4,CCHI4,CEGR3,CEPE5,CEGR3,CASN3,CCHI3,CEBR6,CEDO3,CEED4,CEPE5,CESP3,CGRA4,CGAS3,CGRA3,CGAS3,CEPE6,CESP3,CESP5,CEEB5,CEPE5,CGRA4,CGRA4,COCE3,CSED3
BSEG4,CCHI4,BSUL5,CCRO3,CELP5,CEPE6,CELP5,CASN4,CCHI4,CEDO3,CEDO4,CEGR3,CEPE6,CESP5,CIEL3,CGAS5,CGRA4,CGAS5,CESP3,CESP5,CESP6,CEED3,CEPE6,CIEL3,CIEL3,COCE5,CSMG3
BSUL5,CCTU4,BUET3,CCTU4,CELP6,CESP3,CELP6,CBEE3,CCIM3,CEDO4,CEEB3,CELP3,CESP3,CESP6,CIQU3,CGRA3,CIEL3,CGRA3,CESP5,CESP6,CGAS3,CEED4,CESP3,CLSA3,CLSA3,COGN3,CSNA3
BUET4,CDOU3,BUET4,CEBR3,CELP7,CESP4,CELP7,CBMA3,CCPR3,CEEB3,CEEB5,CELP5,CESP5,CGAS3,CIQU4,CGRA4,CLSC3,CGRA4,CESP6,CGAS3,CGAS5,CEGR3,CESP5,CLSC3,CLSC3,CPFE3,CSUD3
CAFE3,CDOU4,CAFE3,CEBR5,CEPE5,CGAS3,CEPE5,CBMA4,CCRO3,CEEB5,CEED3,CELP6,CESP6,CGAS5,CLSC3,CIEL3,CLSC4,CIEL3,CGAS3,CGAS5,CGRA3,CEPE5,CESP6,CLSC4,CLSC4,CPLE3,CTKA4
CAFE4,CEBR3,CAFE4,CEBR6,CEPE6,CGAS5,CEPE6,CCHI3,CEBR3,CEGR3,CEED4,CELP7,CGAS3,CGRA3,CLSC4,CIQU3,CMIG3,CLSC3,CGAS5,CGRA3,CGRA4,CEPE6,CGAS3,CMIG3,CMIG3,CPLE5,CURY3
CAMB4,CEBR5,CALI4,CEDO3,CESP3,CGOS3,CESP3,CCHI4,CEBR5,CELP5,CEGR3,CEPE3,CGAS5,CGRA4,CMGR3,CIQU4,CMIG4,CLSC4,CGRA3,CGRA4,CIEL3,CESP3,CGAS5,CMIG4,CMIG4,CPLE6,CVCB3
CARB5,CEBR6,CAMB4,CEDO4,CESP4,CGRA3,CESP4,CCIM3,CEBR6,CELP6,CELP5,CEPE5,CGRA3,CIEL3,CMGR4,CLSC3,COCE3,CMIG3,CGRA4,CIEL3,CLSC3,CESP5,CGRA3,CMIN3,CMIN3,CRFB3,CXSE3
CBEE3,CECI3,CARB5,CEEB3,CGAS3,CGRA4,CESP5,CCPR3,CEDO3,CELP7,CELP6,CEPE6,CGRA4,CIQU3,CMIG3,CLSC4,COCE5,CMIG4,CIEL3,CLSC3,CLSC4,CESP6,CGRA4,COCE3,COCE3,CRPG3,CYRE3
CBMA4,CEDO3,CBEE3,CEEB5,CGAS5,CIQU3,CESP6,CCRO3,CEDO4,CEPE5,CELP7,CESP3,CIEL3,CIQU4,CMIG4,CMGR3,CORR4,COCE3,CLSC3,CLSC4,CMIG3,CGAS3,CIEL3,COCE5,COCE5,CRPG5,CYRE4
CCHI4,CEDO5,CBMA4,CEGR3,CGOS3,CIQU4,CGAS3,CCTU4,CEEB3,CEPE6,CEPE5,CESP5,CIQU3,CLAN4,COCE3,CMGR4,CPFE3,COCE5,CLSC4,CMIG3,CMIG4,CGAS5,CLSA3,COGN3,COGN3,CRPG6,DASA3
CCTU4,CEDO6,CCHI3,CELM3,CGOS4,CLSC3,CGAS5,CEBR3,CEEB5,CESP3,CEPE6,CESP6,CIQU4,CLSC3,COCE5,CMIG3,CPLE3,CORR4,CMIG3,CMIG4,CNTO3,CGRA3,CLSC3,CPFE3,CPFE3,CSAN3,DESK3
CDOU3,CEEB3,CCHI4,CELP5,CGRA4,CLSC6,CGOS3,CEBR5,CEGR3,CESP5,CESP3,CGAS3,CLAN4,CLSC4,CPFE3,CMIG4,CPLE6,CPFE3,CMIG4,CNTO3,COCE3,CGRA4,CLSC4,CPLE3,CPLE3,CSED3,DEXP3
CDOU4,CEEB5,CCRO3,CELP7,CHAP3,CMET4,CGRA3,CEBR6,CELP5,CESP6,CESP5,CGAS5,CLSC3,CMIG3,CPLE3,COCE3,CPRE3,CPLE3,COCE3,COCE3,COCE5,CIEL3,CMIG3,CPLE5,CPLE5,CSMG3,DEXP4
CEBR3,CEGR3,CCTU4,CEPE5,CHAP4,CMGR3,CGRA4,CEDO3,CELP6,CGAS3,CESP6,CGRA3,CLSC4,CMIG4,CPLE5,COCE5,CRDE3,CPLE6,COCE5,COCE5,COGN3,CLSA3,CMIG4,CPLE6,CPLE6,CSNA3,DIRR3
CEBR5,CELM3,CEBR3,CEPE6,CIQU3,CMGR4,CIQU3,CEDO4,CELP7,CGAS5,CGAS3,CGRA4,CLSC6,COCE3,CPLE6,CORR4,CREM3,CPRE3,CORR4,COGN3,CORR4,CLSC3,CMIN3,CRDE3,CRFB3,CSUD3,DMVF3
CEBR6,CELP5,CEBR5,CESP3,CIQU4,CMIG3,CIQU4,CEEB3,CEPE3,CGRA3,CGAS5,CIEL3,CMGR3,COCE5,CPRE3,CPFE3,CRIV3,CRDE3,CPFE3,CORR4,CPFE3,CLSC4,COCE3,CRFB3,CRIV3,CTKA3,DOHL4
CEDO3,CELP7,CEBR6,CESP4,CLSC3,CMIG4,CLSC3,CEEB5,CEPE5,CGRA4,CGRA3,CIQU3,CMGR4,CPFE3,CRDE3,CPLE3,CRIV4,CREM3,CPLE3,CPFE3,CPLE3,CMIG3,COCE5,CRIV3,CRIV4,CTKA4,DOTZ3
CEDO5,CEPE3,CEDO3,CFLU4,CLSC5,CMMA4,CLSC5,CEGR3,CEPE6,CIEL3,CGRA4,CIQU4,CMIG3,CPLE3,CREM3,CPLE5,CRPG5,CRFB3,CPLE5,CPLE3,CPLE5,CMIG4,COGN3,CRIV4,CRPG3,CURY3,DTCY3
CEDO6,CEPE5,CEDO5,CGAS3,CLSC6,CNFB3,CLSC6,CELP5,CESP3,CIQU3,CIEL3,CLAN4,CMIG4,CPLE5,CRIV3,CPLE6,CRPG6,CRIV3,CPLE6,CPLE6,CPLE6,CMIN3,CPFE3,CRPG3,CRPG5,CVCB3,DXCO3
CEEB3,CEPE6,CEDO6,CGAS5,CMET4,CNFB4,CMET4,CELP7,CESP5,CIQU4,CIQU3,CLSC3,CNFB3,CPLE6,CRIV4,CPRE3,CSAB3,CRIV4,CPRE3,CPRE3,CPRE3,CNTO3,CPLE3,CRPG5,CRPG6,CXSE3,EALT3
CEEB5,CESP3,CEEB3,CGOS3,CMGR3,COCE3,CMGR3,CEPE3,CESP6,CLAN4,CIQU4,CLSC5,CNFB4,CPRE3,CRUZ3,CRDE3,CSAB4,CRPG3,CRDE3,CRDE3,CRDE3,COCE3,CPLE5,CRPG6,CSAB3,CYRE3,EALT4
CELM3,CESP4,CEEB5,CGOS4,CMGR4,COCE5,CMGR4,CEPE5,CGAS3,CLSC3,CLAN4,CLSC6,COCE3,CRDE3,CSAB3,CREM3,CSAN3,CRPG5,CREM3,CRFB3,CRFB3,COCE5,CPLE6,CSAB3,CSAN3,DASA3,ECOR3
CELP5,CEVA3,CEGR3,CGRA3,CMIG3,COCE6,CMIG3,CEPE6,CGAS5,CLSC6,CLSC3,CMGR3,COCE5,CREM3,CSAB4,CRIV3,CSMG3,CRPG6,CRFB3,CRIV3,CRIV3,COGN3,CRDE3,CSAB4,CSED3,DESK3,EGIE3
CELP7,CEVA4,CELM3,CGRA4,CMIG4,CORR3,CMIG4,CESP3,CGRA3,CMGR3,CLSC5,CMGR4,COCE6,CRIV3,CSAN3,CRIV4,CSNA3,CSAB3,CRIV3,CRIV4,CRIV4,CORR4,CRFB3,CSAN3,CSMG3,DEXP3,EKTR4
CEPE5,CFLU3,CELP5,CHAP3,CMMA4,CORR4,CNFB3,CESP5,CGRA4,CMGR4,CLSC6,CMIG3,CPFE3,CRIV4,CSMG3,CRPG5,CSRN3,CSAB4,CRIV4,CRPG3,CRPG3,CPFE3,CRIV3,CSED3,CSNA3,DEXP4,EMAE4
CEPE6,CFLU4,CELP6,CHAP4,CNFB4,CPFE3,CNFB4,CESP6,CIQU3,CMIG3,CMGR3,CMIG4,CPLE3,CRUZ3,CSNA3,CRPG6,CSRN5,CSAN3,CRPG3,CRPG5,CRPG5,CPLE3,CRIV4,CSMG3,CSRN3,DIRR3,EMBJ3
CESP3,CGAS3,CELP7,CIQU3,COCE3,CPFG3,COCE3,CGAS3,CIQU4,CMIG4,CMGR4,CNFB3,CPLE6,CSAB3,CSRN3,CRUZ3,CSRN6,CSMG3,CRPG5,CRPG6,CRPG6,CPLE5,CRPG3,CSNA3,CSRN5,DMVF3,ENEV3
CESP4,CGAS4,CEPE3,CIQU4,COCE5,CPFG4,COCE5,CGAS5,CLSC3,CNFB3,CMIG3,CNFB4,CRDE3,CSAB4,CSRN5,CSAB3,CTAX3,CSNA3,CRPG6,CSAB3,CSAB3,CPLE6,CRPG5,CSRN3,CSRN6,DOHL3,ENGI3
CETE3,CGAS5,CEPE5,CLSC3,COCE6,CPFP4,COCE6,CGOS3,CLSC5,CNFB4,CMIG4,COCE3,CREM3,CSAN3,CSRN6,CSAB4,CTAX4,CSRN3,CSAB3,CSAB4,CSAB4,CRDE3,CRPG6,CSRN5,CSUD3,DOHL4,ENGI4
CETE4,CGOS3,CEPE6,CLSC5,CORR4,CPLE3,CORR4,CGRA3,CLSC6,COCE3,CNFB3,COCE5,CRIV3,CSMG3,CTAX3,CSAN3,CTIP3,CSRN5,CSAB4,CSAN3,CSAN3,CRFB3,CSAB3,CSRN6,CTKA3,DOTZ3,ENJU3
CEVA3,CGOS6,CESP3,CLSC6,CPCA4,CPLE5,CPFE3,CGRA4,CMGR3,COCE5,CNFB4,COCE6,CRIV4,CSNA3,CTAX4,CSMG3,CTKA3,CSRN6,CSAN3,CSMG3,CSMG3,CRIV3,CSAB4,CSUD3,CTKA4,DTCY3,ENMT3
CEVA4,CGRA4,CESP4,CMET4,CPFE3,CPLE6,CPFP4,CIQU3,CMGR4,COCE6,COCE3,CORR4,CRUZ3,CSRN3,CTIP3,CSNA3,CTKA4,CTAX3,CSMG3,CSNA3,CSNA3,CRIV4,CSAN3,CTKA3,CTNM3,DXCO3,ENMT4
CFLU4,CHAP3,CEVA3,CMGR3,CPFG3,CPSL3,CPLE3,CIQU4,CMIG3,CPFE3,COCE5,CPFE3,CSAB3,CSRN5,CTKA3,CSRN3,CTNM3,CTIP3,CSNA3,CSRN3,CSRN3,CRPG3,CSED3,CTKA4,CTNM4,EALT3,EPAR3
CGAS4,CHAP4,CEVA4,CMGR4,CPFG4,CRBM3,CPLE5,CLSC3,CMIG4,CPLE3,CORR4,CPLE3,CSAB4,CSRN6,CTKA4,CSRN5,CTNM4,CTKA3,CSRN3,CSRN5,CSRN5,CRPG5,CSMG3,CTNM3,CTSA3,EALT4,EQPA3
CGOS3,CIQU3,CGAS3,CMIG3,CPFP3,CRBM5,CPLE6,CLSC5,CNFB4,CPLE5,CPFE3,CPLE5,CSAN3,CTAX3,CTNM3,CSRN6,CTSA3,CTKA4,CSRN5,CSRN6,CSRN6,CRPG6,CSNA3,CTNM4,CTSA4,ECOR3,EQPA5
CGOS6,CIQU4,CGAS5,CMIG4,CPFP4,CRBM7,CPNY3,CLSC6,COCE3,CPLE6,CPLE3,CPLE6,CSMG3,CTAX4,CTNM4,CTAX3,CTSA4,CTNM3,CSRN6,CTKA3,CTKA3,CSAB3,CSRN3,CTSA3,CURY3,EGIE3,EQPA7
CHAP3,CLDX4,CGOS3,CMMA4,CPLE3,CRIV3,CPSL3,CMGR3,COCE5,CRDE3,CPLE5,CRDE3,CSNA3,CTIP3,CTSA3,CTAX4,CVCB3,CTNM4,CTAX3,CTKA4,CTKA4,CSAB4,CSRN5,CTSA4,CVCB3,EKTR3,EQTL3
CHAP4,CLSC3,CGOS4,CNFB4,CPLE5,CRIV4,CRBM3,CMGR4,COCE6,CREM3,CPLE6,CREM3,CSRN3,CTKA3,CTSA4,CTIP3,CYRE3,CTSA3,CTKA3,CTNM3,CTNM3,CSAN3,CSRN6,CURY3,CXSE3,EKTR4,ESPA3
CIIT4,CLSC6,CGOS6,COCE3,CPLE6,CRTP3,CRBM5,CMIG3,CORR4,CRIV3,CRDE3,CRIV3,CSRN5,CTKA4,CVCB3,CTKA3,DASA3,CTSA4,CTKA4,CTNM4,CTNM4,CSED3,CSUD3,CVCB3,CYRE3,ELET3,ESTR3
CIQU3,CMET4,CGRA3,COCE5,CPSL3,CRTP5,CRBM7,CMIG4,CPFE3,CRIV4,CREM3,CRIV4,CSRN6,CTNM3,CYRE3,CTKA4,DAYC4,CVCB3,CTNM3,CTSA3,CTSA3,CSMG3,CTKA3,CXSE3,DASA3,ELET5,ESTR4
CIQU4,CMGR3,CGRA4,COCE6,CRBM3,CRUZ3,CRIV3,CNFB3,CPLE3,CRUZ3,CRIV3,CRUZ3,CTAX3,CTNM4,DASA3,CTNM3,DIRR3,CYRE3,CTNM4,CTSA4,CTSA4,CSNA3,CTKA4,CYRE3,DESK3,ELET6,ETER3
CLDX4,CMGR4,CHAP3,CORR4,CRBM7,CSAB3,CRIV4,CNFB4,CPLE5,CSAB3,CRIV4,CSAB3,CTAX4,CTSA3,DAYC4,CTNM4,DOHL3,DASA3,CTSA3,CVCB3,CURY3,CSRN3,CTNM3,DASA3,DEXP3,ELMD3,EUCA3
CLSC3,CMIG3,CHAP4,CPCA3,CREM3,CSAB4,CRTP3,COCE3,CPLE6,CSAB4,CRUZ3,CSAB4,CTIP3,CTSA4,DHBI3,CTSA3,DOHL4,DIRR3,CTSA4,CYRE3,CVCB3,CSRN5,CTNM4,DESK3,DEXP4,EMAE3,EUCA4
CLSC5,CMIG4,CIQU3,CPCA4,CREM4,CSAN3,CRTP5,COCE5,CPNY3,CSAN3,CSAB3,CSAN3,CTKA3,CVCB3,DHBI4,CTSA4,DTCY3,DMMO3,CVCB3,DASA3,CYRE3,CSRN6,CTSA3,DEXP3,DIRR3,EMAE4,EVEN3
CLSC6,CMMA4,CIQU4,CPFG3,CRIV3,CSNA3,CRUZ3,COCE6,CRBM7,CSMB3,CSAB4,CSMG3,CTKA4,CYRE3,DIRR3,CVCB3,DTEX3,DOHL3,CYRE3,DIRR3,DASA3,CTKA3,CTSA4,DEXP4,DMFN3,EMBJ3,EZTC3
CMET4,CNFB3,CLSC3,CPFG4,CRIV4,CSPC3,CSAB3,CORR4,CRDE3,CSMG3,CSAN3,CSNA3,CTNM3,DASA3,DOCA3,CYRE3,EALT3,DOHL4,DASA3,DMMO3,DIRR3,CTKA4,CURY3,DIRR3,DMVF3,EMBR3,FESA3
CMGR3,CNFB4,CLSC6,CPFP4,CRTP3,CSPC4,CSAB4,CPFE3,CREM3,CSNA3,CSMG3,CSRN3,CTNM4,DAYC4,DOCA4,DASA3,EALT4,DTCY3,DIRR3,DOHL3,DMMO3,CTNM3,CVCB3,DMFN3,DOHL3,ENEV3,FESA4
CMGR4,COCE3,CMET4,CPLE3,CRTP5,CSRN5,CSAN3,CPLE3,CRIV3,CSRN3,CSNA3,CSRN5,CTPC3,DHBI4,DOHL3,DAYC4,ECOR3,DTEX3,DMMO3,DOHL4,DMVF3,CTNM4,CXSE3,DMMO3,DOHL4,ENGI3,FHER3
CMIG3,COCE5,CMGR3,CPLE5,CRUZ3,CSTB3,CSMG3,CPLE5,CRIV4,CSRN5,CSRN3,CSRN6,CTSA3,DIRR3,DOHL4,DHBI4,ECPR3,EALT3,DOHL3,DTCY3,DOHL3,CTSA3,CYRE3,DMVF3,DOTZ3,ENGI4,FICT3
CMIG4,COCE6,CMGR4,CPLE6,CSAB3,CSTB4,CSNA3,CPLE6,CRUZ3,CSRN6,CSRN5,CTAX3,CTSA4,DOCA3,DTCY3,DIRR3,ECPR4,EALT4,DOHL4,DTEX3,DOHL4,CTSA4,DASA3,DOHL3,DTCY3,ENJU3,FIEI3
CMMA4,COGU3,CMIG3,CPSL3,CSAB4,CTAX3,CSRN3,CPNY3,CSAB3,CTAX3,CSRN6,CTAX4,CYRE3,DOCA4,DTEX3,DOHL3,EEEL3,ECOR3,DTCY3,EALT3,DTCY3,CURY3,DESK3,DOHL4,DXCO3,ENMT3,FIQE3
CNFB3,COGU4,CMIG4,CQUE4,CSNA3,CTAX4,CSRN5,CPSL3,CSAB4,CTAX4,CTAX3,CTIP3,CZRS4,DOHL3,DUQE4,DOHL4,EEEL4,ECPR3,DTEX3,EALT4,DTEX3,CVCB3,DEXP3,DOTZ3,EALT3,ENMT4,FLRY3
CNFB4,CORR4,CMMA4,CQUE5,CSPC3,CTKA3,CSRN6,CRBM3,CSAN3,CTIP3,CTAX4,CTKA3,DASA3,DOHL4,EALT3,DTCY3,EGIE3,ECPR4,EALT3,ECOR3,EALT3,CXSE3,DEXP4,DTCY3,EALT4,EPAR3,FRAS3
COCE3,CPCA4,CNFB4,CQUE6,CSPC4,CTKA4,CTAP3,CRBM7,CSMG3,CTKA3,CTIP3,CTKA4,DAYC4,DTCY3,EALT4,DTEX3,EKTR3,EEEL3,EALT4,ECPR3,EALT4,CYRE3,DIRR3,DXCO3,ECOR3,EQPA3,FRIO3
COCE5,CPEE3,COCE3,CQUE7,CSRN3,CTNM3,CTAX3,CRDE3,CSNA3,CTKA4,CTKA3,CTNM3,DHBI3,DTEX3,EBTP3,EALT3,EKTR4,EEEL4,ECOR3,ECPR4,ECOR3,DASA3,DMFN3,EALT3,EGIE3,EQPA5,GEPA3
COCE6,CPEE4,COCE5,CQUE8,CSRN5,CTNM4,CTAX4,CREM3,CSRN3,CTNM3,CTKA4,CTNM4,DHBI4,DUQE4,EBTP4,EALT4,ELEK3,EGIE3,ECPR3,EEEL3,ECPR3,DESK3,DMMO3,EALT4,EKTR3,EQPA6,GEPA4
COGU3,CPFG3,COCE6,CRBM3,CSTB3,CTSA3,CTCO3,CRIV3,CSRN5,CTNM4,CTNM3,CTPC3,DIRR3,EALT4,ECOR3,EBTP3,ELEK4,EKTR3,ECPR4,EEEL4,ECPR4,DEXP3,DMVF3,ECOR3,EKTR4,EQPA7,GFSA3
COGU4,CPFG4,CORR4,CRBM7,CSTB4,CTSA4,CTKA3,CRIV4,CSRN6,CTPC3,CTNM4,CTSA3,DOCA3,EBTP3,ECPR3,EBTP4,ELET3,EKTR4,EEEL3,EGIE3,EEEL3,DEXP4,DOHL3,EGIE3,ELET3,EQTL3,GGBR3
CORR4,CPFL4,CPCA4,CREM3,CTKA3,CYRE3,CTKA4,CRUZ3,CTAX3,CTSA3,CTPC3,CTSA4,DOCA4,EBTP4,ECPR4,ECOR3,ELET5,ELEK3,EEEL4,EKTR3,EEEL4,DIRR3,DOHL4,EKTR3,ELET5,ESPA3,GGBR4
CPCA4,CPLE3,CPFG3,CREM4,CTKA4,CYRE4,CTMI3,CSAB3,CTAX4,CTSA4,CTSA3,CYRE3,DOHL3,ECOR3,EEEL3,ECPR3,ELET6,ELEK4,EGIE3,EKTR4,EGIE3,DMMO3,DOTZ3,EKTR4,ELET6,ESTR3,GGPS3
CPEE3,CPLE5,CPFG4,CRIV3,CTNM3,DASA3,CTNM3,CSAB4,CTKA3,CYRE3,CTSA4,CZRS4,DOHL4,ECPR3,EEEL4,EEEL3,ELPL3,ELET3,EKTR3,ELEK3,EKTR3,DMVF3,DTCY3,ELET3,ELMD3,ESTR4,GMAT3
CPEE4,CPLE6,CPFL4,CRIV4,CTNM4,DFVA3,CTNM4,CSAN3,CTKA4,CZRS4,CYRE3,DASA3,DTCY3,ECPR4,EKTR4,EEEL4,ELPL4,ELET5,EKTR4,ELEK4,EKTR4,DOHL3,DXCO3,ELET5,EMAE3,ETER3,GOAU3
CPFL3,CPNE3,CPFP4,CRTP3,CTPC4,DFVA4,CTSA3,CSMG3,CTNM3,DASA3,CZRS4,DAYC4,DTEX3,EEEL3,ELEK3,EKTR4,EMAE4,ELET6,ELEK3,ELET3,ELEK3,DOHL4,EALT3,ELET6,EMAE4,EUCA3,GOAU4
CPFL4,CPNE5,CPLE3,CRTP5,CTSA3,DHBI3,CTSA4,CSNA3,CTNM4,DAYC4,DASA3,DHBI3,DUQE4,EEEL4,ELEK4,ELEK3,EMBR3,ELPL3,ELEK4,ELET5,ELEK4,DOTZ3,EALT4,ELMD3,EMBR3,EUCA4,GPAR3
CPLE3,CPNE6,CPLE5,CRUZ3,CTSA4,DHBI4,CYRE3,CSRN3,CTPC3,DHBI4,DAYC4,DHBI4,EALT3,EKTR3,ELET3,ELEK4,ENBR3,ELPL4,ELET3,ELET6,ELET3,DTCY3,ECOR3,EMAE4,ENAT3,EVEN3,GRND3
CPLE5,CPSL3,CPLE6,CSAB3,CYRE4,DJON4,DASA3,CSRN5,CTSA3,DIRR3,DHBI4,DIRR3,EALT4,EKTR4,ELET5,ELET3,ENEV3,EMAE4,ELET5,ELPL3,ELET5,DTEX3,ECPR3,EMBR3,ENEV3,EZTC3,GSHP3
CPLE6,CQUE3,CPNE3,CSAB4,DASA3,DOCA3,DFVA3,CSRN6,CTSA4,DOCA3,DIRR3,DOCA3,EBTP3,ELEK3,ELET6,ELET5,ENGI3,EMBR3,ELET6,EMAE3,ELET6,DXCO3,ECPR4,ENAT3,ENGI3,FESA3,GUAR3
CPNE3,CQUE5,CPNE5,CSNA3,DFVA3,DOCA4,DFVA4,CTAX3,CYRE3,DOCA4,DOCA3,DOCA4,EBTP4,ELEK4,ELPL3,ELET6,ENGI4,ENBR3,ELPL3,EMAE4,EMAE4,EALT3,EEEL3,ENBR3,ENGI4,FESA4,HAGA3
CPNE5,CQUE6,CPNE6,CSPC3,DFVA4,DOHL3,DHBI3,CTAX4,CZRS4,DOHL3,DOCA4,DOHL3,ECOR3,ELET3,ELPL4,ELPL3,ENMT3,ENEV3,EMAE4,EMBR3,EMBR3,EALT4,EEEL4,ENEV3,ENJU3,FHER3,HAGA4
CPNE6,CQUE7,CPSL3,CSPC4,DHBI3,DOHL4,DHBI4,CTKA3,DASA3,DOHL4,DOHL3,DOHL4,ECPR3,ELET5,EMAE4,ELPL4,ENMT4,ENGI3,EMBR3,ENAT3,ENAT3,ECOR3,EGIE3,ENGI3,ENMT3,FICT3,HAPV3
CPSL3,CQUE8,CQUE5,CSRN3,DHBI4,DPPI3,DJON4,CTKA4,DAYC4,DROG3,DOHL4,DOMO3,ECPR4,ELET6,EMBR3,EMAE4,EQTL3,ENGI4,ENBR3,ENBR3,ENBR3,ECPR3,EKTR3,ENGI4,ENMT4,FIEI3,HBOR3
CQUE3,CREM3,CQUE6,CSTB3,DJON4,DPPI4,DOCA3,CTMI3,DHBI3,DTCY3,DROG3,DROG3,EEEL3,ELPL3,ENBR3,EMBR3,ESTC3,ENMT3,ENEV3,ENEV3,ENEV3,ECPR4,EKTR4,ENJU3,EPAR3,FIGE3,HBRE3
CQUE5,CREM4,CQUE7,CSTB4,DOCA3,DROG3,DOCA4,CTNM3,DHBI4,DTEX3,DTCY3,DTCY3,EEEL4,ELPL4,ENEV3,ENBR3,ESTR3,ENMT4,ENGI3,ENGI3,ENGI3,EEEL3,ELET3,ENMT3,EQPA3,FIQE3,HBSA3
CQUE6,CRIV3,CQUE8,CTKA3,DOCA4,DTCY3,DOHL4,CTNM4,DOCA3,DUQE4,DTEX3,DTEX3,EKTR3,EMAE4,ENGI3,ENGI3,ESTR4,EQTL3,ENGI4,ENGI4,ENGI4,EEEL4,ELET6,ENMT4,EQPA5,FLRY3,HBTS5
CQUE7,CRIV4,CRBM3,CTKA4,DOHL3,DUQE3,DPPI3,CTPC3,DOCA4,DURA3,DUQE4,DUQE3,EKTR4,EMBR3,ENGI4,ENGI4,ETER3,ESTC3,ENMT3,ENMT3,ENJU3,EGIE3,ELMD3,EPAR3,EQPA6,FRAS3,HETA4
CQUE8,CRTP3,CRBM7,CTNM3,DOHL4,DUQE4,DPPI4,CTPC4,DOHL3,DURA4,DXTG4,DUQE4,ELEK3,ENBR3,EQTL3,ENMT3,EUCA3,ESTR3,ENMT4,ENMT4,ENMT3,EKTR3,EMAE4,EQPA3,EQPA7,FRIO3,HYPE3
CRGT3,CRTP5,CREM3,CTNM4,DPPI3,DURA3,DROG3,CTSA3,DOHL4,DXTG4,EALT4,DXTG4,ELEK4,ENEV3,ESTC3,ENMT4,EUCA4,ESTR4,EQTL3,EQPA3,ENMT4,EKTR4,EMBR3,EQPA5,EQTL3,GEPA3,IFCM3
CRGT5,CRUZ3,CREM4,CTSA4,DPPI4,DURA4,DSUL3,CTSA4,DPPI4,EALT4,EBTP3,EALT3,ELET3,ENGI3,ESTR3,EQTL3,EVEN3,ETER3,ESTC3,EQPA5,EQPA3,ELET3,ENAT3,EQPA6,ESPA3,GEPA4,IGTI3
CRIV3,CSAB3,CRIV3,CTSA8,DROG3,DXTG4,DTCY3,CYRE3,DROG3,EBTP3,EBTP4,EALT4,ELET5,ENGI4,ESTR4,ESTC3,EZTC3,EUCA3,ESTR3,EQPA7,EQPA5,ELET5,ENBR3,EQPA7,ESTR3,GFSA3,IGTI4
CRIV4,CSAB4,CRIV4,CTWR3,DTCY3,EALT4,DUQE3,CZRS4,DSUL3,EBTP4,ECOD3,EBTP3,ELET6,EQTL3,ETER3,ESTR3,FESA3,EUCA4,ESTR4,EQTL3,EQPA6,ELET6,ENEV3,EQTL3,ESTR4,GGBR3,INEP3
CRTP3,CSNA3,CRTP3,CYRE4,DUQE3,EBCO3,DUQE4,DASA3,DTCY3,ECOD3,ECOR3,EBTP4,ELPL3,ESTC3,EUCA4,ESTR4,FESA4,EVEN3,ETER3,ESTC3,EQPA7,ELMD3,ENGI3,ESPA3,ETER3,GGBR4,INEP4
CRTP5,CSPC3,CRTP5,DFVA3,DUQE4,EBCO4,DURA3,DAYC4,DUQE3,ECPR3,ECPR3,ECOD3,ELPL4,ESTR4,EVEN3,ETER3,FHER3,EZTC3,EUCA3,ESTR3,EQTL3,EMAE4,ENGI4,ESTR3,EUCA3,GGPS3,INTB3
CRUZ3,CSPC4,CRUZ3,DFVA4,DURA3,EBEN4,DURA4,DFVA3,DUQE4,ECPR4,ECPR4,ECOR3,EMAE4,ETER3,EZTC3,EUCA3,FIBR3,FESA3,EUCA4,ESTR4,ESTR4,EMBR3,ENJU3,ESTR4,EUCA4,GMAT3,IRBR3
CSAB4,CSPP3,CSAB3,DHBI3,DURA4,EBTP3,DXTG4,DFVA4,DURA3,EKTR3,EEEL3,ECPR3,EMBR3,EUCA4,FBMC4,EUCA4,FIGE3,FESA4,EVEN3,EUCA3,EUCA3,ENAT3,ENMT3,EUCA3,EVEN3,GOAU3,ISAE3
CSNA3,CSTB3,CSAB4,DHBI4,DXTG4,EBTP4,EALT4,DHBI3,DURA4,EKTR4,EEEL4,ECPR4,ENBR3,EVEN3,FESA3,EVEN3,FIGE4,FHER3,EZTC3,EUCA4,EUCA4,ENBR3,ENMT4,EUCA4,EZTC3,GOAU4,ISAE4
CSPC3,CSTB4,CSNA3,DJON4,EALT4,ECIS3,EBCO3,DHBI4,DXTG4,ELEK3,EKTR3,EEEL3,ENGI3,EZTC3,FESA4,EZTC3,FJTA3,FIBR3,FESA3,EVEN3,EVEN3,ENEV3,EPAR3,EVEN3,FESA3,GOLL4,ITSA3
CSPC4,CTAN8,CSPC3,DOCA3,EBCO3,ECPR3,EBCO4,DOCA3,EALT4,ELEK4,EKTR4,EEEL4,ENGI4,FBMC4,FHER3,FESA3,FJTA4,FJTA3,FESA4,EZTC3,EZTC3,ENGI3,EQPA3,EZTC3,FESA4,GPAR3,ITSA4
CSRN3,CTKA4,CSPC4,DOCA4,EBCO4,ECPR4,EBTP3,DOCA4,EBTP3,ELET3,ELEK3,EKTR3,EQTL3,FESA3,FIBR3,FESA4,FLRY3,FJTA4,FHER3,FESA3,FESA3,ENGI4,EQPA5,FESA3,FHER3,GRND3,ITUB3
CSRN5,CTNM3,CSTB3,DOHL4,EBEN4,EKTR3,EBTP4,DOHL4,EBTP4,ELET5,ELEK4,EKTR4,ESTC3,FESA4,FIGE3,FHER3,FRAS3,FLRY3,FIBR3,FESA4,FESA4,ENJU3,EQPA6,FESA4,FICT3,GSHP3,ITUB4
CSTB3,CTNM4,CSTB4,DPPI3,EBER3,EKTR4,ECOD3,DPPI3,ECOD3,ELET6,ELET3,ELEK3,ESTR4,FHER3,FIGE4,FIBR3,FRIO3,FRAS3,FJTA3,FHER3,FLRY3,ENMT3,EQPA7,FHER3,FIEI3,GUAR3,JALL3
CSTB4,CTPC4,CTKA3,DPPI4,EBER4,ELCA3,ECPR3,DPPI4,ECPR3,ELPL3,ELET5,ELEK4,ETER3,FIBR3,FJTA3,FJTA3,FRTA3,FRIO3,FJTA4,FIBR3,FRAS3,ENMT4,EQTL3,FIEI3,FIQE3,HAGA3,JHSF3
CTAN8,CTSA3,CTKA4,DROG3,EBTP3,ELCA4,ECPR4,DROG3,ECPR4,ELPL5,ELET6,ELET3,EUCA3,FIGE4,FJTA4,FJTA4,GEPA3,FRTA3,FLRY3,FJTA3,FRIO3,EPAR3,ESPA3,FIQE3,FLRY3,HAGA4,JSLG3
CTKA3,CTSA4,CTNM3,DTCY3,EBTP4,ELEK3,EKTR3,DSUL3,EKTR3,ELPL6,ELPL3,ELET5,EUCA4,FJTA3,FLRY3,FLRY3,GEPA4,GEPA3,FRAS3,FJTA4,GEPA3,EQPA3,ESTR4,FLRY3,FRAS3,HAPV3,KEPL3
CTKA4,CYRE4,CTNM4,DUQE4,ECIS3,ELEK4,EKTR4,DTCY3,EKTR4,ELUM4,ELPL4,ELET6,EVEN3,FJTA4,FRAS3,FRAS3,GFSA3,GEPA4,FRIO3,FLRY3,GEPA4,EQPA5,EUCA3,FRAS3,FRIO3,HBOR3,KLBN3
CTNM3,DFVA3,CTSA3,DURA3,ECIS4,ELET3,ELCA3,DUQE3,ELEK3,EMAE4,ELPL5,ELPL3,EZTC3,FLRY3,FRAS4,FRIO3,GGBR3,GFSA3,FRTA3,FRAS3,GFSA3,EQPA7,EUCA4,FRIO3,GEPA3,HBRE3,KLBN4
CTNM4,DFVA4,CTSA4,DURA4,ECPR3,ELET5,ELCA4,DUQE4,ELEK4,EMBR3,ELPL6,ELPL4,FBMC3,FRAS3,FRIO3,FRTA3,GGBR4,GGBR3,GEPA3,FRIO3,GGBR3,EQTL3,EVEN3,GEPA3,GEPA4,HBSA3,LAND3
CTPC4,DHBI3,CTSA8,DXTG4,ECPR4,ELET6,ELEK3,DURA3,ELET3,ENBR3,ELUM4,EMAE4,FBMC4,FRAS4,GEPA3,GEPA3,GOAU3,GGBR4,GEPA4,GEPA3,GGBR4,ESPA3,EZTC3,GEPA4,GFSA3,HBTS5,LAVV3
CTSA3,DHBI4,CYRE4,EALT4,EKTR3,ELPL3,ELEK4,DURA4,ELET5,ENGI3,EMAE4,EMBR3,FESA3,FRIO3,GEPA4,GEPA4,GOAU4,GOAU3,GFSA3,GEPA4,GMAT3,ESTR3,FESA3,GFSA3,GGBR3,HETA4,LEVE3
CTSA4,DJON4,DFVA3,EBCO3,EKTR4,ELPL4,ELET3,DXTG4,ELET6,ENGI4,EMBR3,ENBR3,FESA4,GEPA3,GETI3,GETI3,GOLL4,GOAU4,GGBR3,GFSA3,GNDI3,ESTR4,FESA4,GGBR3,GGBR4,HYPE3,LJQQ3
CTWR3,DOCA3,DFVA4,EBCO4,ELCA3,ELUM3,ELET6,EALT3,ELEV3,EQTL3,ENBR3,ENGI3,FHER3,GEPA4,GETI4,GETI4,GPAR3,GOLL4,GGBR4,GGBR3,GOAU3,EUCA3,FHER3,GGBR4,GGPS3,IFCM3,LOGG3
DATA4,DOCA4,DHBI3,EBEN3,ELCA4,ELUM4,ELPL3,EALT4,ELPL3,ESTC3,ENGI3,ENGI4,FIBR3,GETI3,GFSA3,GFSA3,GRND3,GPAR3,GNDI3,GGBR4,GOAU4,EUCA4,FIGE3,GGPS3,GMAT3,IGTI3,LOGN3
DFVA3,DOHL4,DHBI4,EBEN4,ELEK3,EMAE4,ELPL4,EBTP3,ELPL5,ESTR3,ENGI4,EQTL3,FIGE3,GETI4,GGBR3,GGBR3,GSHP3,GRND3,GOAU3,GNDI3,GOLL4,EVEN3,FIQE3,GMAT3,GOAU3,IGTI4,LPSB3
DFVA4,DPPI3,DJON4,EBER3,ELEK4,EMBR3,ELPL5,EBTP4,ELPL6,ESTR4,EQTL3,ESTC3,FIGE4,GFSA3,GGBR4,GGBR4,GUAR3,GSHP3,GOAU4,GOAU3,GPAR3,EZTC3,FLRY3,GOAU3,GOAU4,INEP3,LREN3
DHBI3,DPPI4,DOCA3,EBER4,ELET3,EMBR4,ELPL6,ECOD3,ELUM3,ETER3,ESTC3,ESTR4,FJTA3,GGBR3,GOAU3,GOAU3,GUAR4,GUAR3,GOLL4,GOAU4,GPCP3,FESA3,FNCN3,GOAU4,GOLL4,INEP4,LUPA3
DHBI4,DUQE3,DOCA4,EBTP3,ELET5,ENBR3,ELUM3,ECPR3,ELUM4,EUCA3,ESTR3,ETER3,FJTA4,GGBR4,GOAU4,GOAU4,HAGA3,GUAR4,GPAR3,GOLL4,GPCP4,FESA4,FRAS3,GOLL4,GPAR3,INTB3,LUXM4
DJON4,DUQE4,DOHL4,EBTP4,ELET6,ENER3,ELUM4,ECPR4,EMAE4,EUCA4,ESTR4,EUCA3,FLRY3,GOAU3,GOLL4,GOLL4,HAGA4,HAGA3,GRND3,GPAR3,GRND3,FIQE3,FRIO3,GPAR3,GRND3,IRBR3,LWSA3
DOCA3,DURA3,DPPI3,ECIS3,ELMJ3,ENER6,EMAE4,EKTR3,EMBR3,EVEN3,ETER3,EUCA4,FRAS3,GOAU4,GPAR3,GPAR3,HBOR3,HAGA4,GSHP3,GRND3,GSHP3,FLRY3,GEPA3,GRND3,GSHP3,ISAE3,MAPT3
DOCA4,DURA4,DPPI4,ECIS4,ELMJ4,ESCE3,EMBR3,EKTR4,ENBR3,EZTC3,EUCA3,EVEN3,FRAS4,GOLL4,GRND3,GRND3,HBTS5,HBOR3,GUAR3,GSHP3,GUAR3,FNCN3,GEPA4,GSHP3,GUAR3,ISAE4,MAPT4
DOHL3,DXTG4,DROG3,ECPR3,ELPL3,ESTR3,EMBR4,ELEK3,ENGI3,FBMC3,EUCA4,EZTC3,FRIO3,GPAR3,GSHP3,GSHP3,HETA3,HBTS5,GUAR4,GUAR3,HAGA3,FRAS3,GETT3,GUAR3,HAGA3,ITSA3,MATD3
DOHL4,EALT4,DTCY3,ECPR4,ELPL4,ESTR4,ENBR3,ELEK4,ENGI4,FBMC4,EVEN3,FBMC4,GEPA3,GPCP3,GUAR3,GUAR3,HETA4,HETA4,HAGA3,GUAR4,HAGA4,FRIO3,GETT4,HAGA3,HAGA4,ITSA4,MBRF3
DPPI3,EBCO3,DUQE3,EKTR3,ELUM3,ETER3,ESTR3,ELET3,EQTL3,FESA3,EZTC3,FESA3,GEPA4,GRND3,GUAR4,GUAR4,HGTX3,HGTX3,HAGA4,HAGA3,HAPV3,GEPA3,GFSA3,HAGA4,HAPV3,ITUB3,MDIA3
DPPI4,EBCO4,DUQE4,EKTR4,ELUM4,ETER4,ESTR4,ELET5,ESTC3,FESA4,FBMC3,FESA4,GETI3,GSHP3,HAGA3,HAGA3,HOOT4,HOOT4,HAPV3,HAGA4,HBOR3,GEPA4,GGBR3,HAPV3,HBOR3,ITUB4,MDNE3
DROG3,EBEN4,DURA3,ELAT3,EMAE4,FBMC3,ETER3,ELET6,ESTR3,FFTL3,FBMC4,FFTL3,GETI4,GUAR3,HAGA4,HAGA4,HYPE3,HYPE3,HBOR3,HAPV3,HBSA3,GETT3,GGBR4,HBOR3,HBRE3,JALL3,MEAL3
DUQE3,EBER3,DURA4,ELCA3,EMBR3,FBMC4,ETER4,ELEV3,ESTR4,FFTL4,FESA3,FFTL4,GFSA3,GUAR4,HBOR3,HBOR3,IDNT3,IDNT3,HBTS5,HBOR3,HBTS5,GETT4,GGPS3,HBRE3,HBSA3,JBSS3,MELK3
DUQE4,EBER4,DXTG4,ELCA4,EMBR4,FBRA4,FBMC3,ELPL3,ETER3,FHER3,FESA4,FHER3,GGBR3,HAGA3,HBTS5,HBTS5,IDVL3,IDVL3,HETA3,HBTS5,HETA4,GFSA3,GMAT3,HBSA3,HBTS5,JHSF3,MERC4
DURA3,EBTP3,EALT4,ELEK3,ENER3,FCAP4,FBMC4,ELPL5,EVEN3,FIBR3,FFTL3,FIBR3,GGBR4,HAGA4,HETA3,HETA3,IDVL4,IDVL4,HETA4,HETA3,HGTX3,GGBR3,GNDI3,HBTS5,HETA4,JOPA3,MGEL4
DURA4,EBTP4,EBCO3,ELEK4,ENER5,FESA4,FBRA4,ELPL6,EZTC3,FJTA3,FFTL4,FIGE3,GLOB3,HBOR3,HETA4,HETA4,IGBR3,IGBR3,HGTX3,HETA4,HYPE3,GGBR4,GOAU3,HETA4,HYPE3,JOPA4,MGLU3
DXTG4,ECIS3,EBCO4,ELET3,ENER6,FFTL4,FCAP4,ELUM3,FBMC3,FJTA4,FHER3,FIGE4,GOAU3,HBTS5,HGTX3,HGTX3,IGTA3,IGTA3,HOOT4,HGTX3,IDNT3,GGPS3,GOAU4,HYPE3,IFCM3,JSLG3,MILS3
EALT3,ECIS4,EBEN4,ELET5,ESCE3,FGUI3,FESA3,ELUM4,FBMC4,FLRY3,FIBR3,FJTA3,GOAU4,HETA3,HOOT4,HOOT4,IMBI3,IRBR3,HYPE3,HYPE3,IDVL3,GMAT3,GOLL4,IFCM3,IGTI3,KEPL3,MLAS3
EALT4,ECPR3,EBER3,ELET6,ESTR3,FGUI4,FESA4,EMAE4,FCAP3,FRAS4,FIGE3,FJTA4,GOLL4,HETA4,HRTP3,HRTP3,IMBI4,ITEC3,IDNT3,IDNT3,IDVL4,GNDI3,GPAR3,IGBR3,IGTI4,KLBN3,MNDL3
EBCO3,ECPR4,EBER4,ELMJ3,ESTR4,FIGE3,FFTL3,EMBR3,FCAP4,FRIO3,FIGE4,FLRY3,GPAR3,HGTX3,HYPE3,HYPE3,ITEC3,ITSA3,IDVL3,IDVL3,IGTA3,GOAU3,GRND3,IGTI3,INEP3,KLBN4,MNPR3
EBCO4,EDNE5,EBTP3,ELMJ4,ETER3,FIGE4,FFTL4,ENBR3,FESA3,FTRX3,FJTA3,FRAS3,GPCP3,HOOT4,IDNT3,IDNT3,ITSA3,ITSA4,IDVL4,IDVL4,IRBR3,GOAU4,GSHP3,IGTI4,INEP4,KRSA3,MOAR3
EBEN4,EKTR3,EBTP4,ELND3,ETER4,FJTA3,FGUI4,ENGI3,FESA4,FTRX4,FJTA4,FRAS4,GRND3,HRTP3,IDVL3,IDVL3,ITSA4,ITUB3,IGBR3,IGTA3,ITSA3,GOLL4,GUAR3,INEP3,INTB3,LAND3,MOTV3
EBER3,EKTR4,ECIS3,ELPL3,FBMC4,FJTA4,FIGE4,ENGI4,FFTL3,GAZO3,FLRY3,FRIO3,GSHP3,HYPE3,IDVL4,IDVL4,ITUB3,ITUB4,IGTA3,IRBR3,ITSA4,GPAR3,HAGA3,INEP4,IRBR3,LAVV3,MOVI3
EBER4,ELAT3,ECIS4,ELPL4,FBRA4,FLCL3,FJTA3,ESTR3,FFTL4,GAZO4,FRAS3,FTRX3,GUAR3,IDNT3,IGBR3,IGBR3,ITUB4,JBDU3,IRBR3,ITEC3,ITUB3,GPCP3,HAGA4,INTB3,ISAE3,LEVE3,MRVE3
EBTP3,ELCA3,ECPR3,ELUM3,FCAP4,FLCL5,FJTA4,ESTR4,FHER3,GEPA3,FRAS4,FTRX4,GUAR4,IDVL3,IGTA3,IGTA3,JBDU3,JBDU4,ITEC3,ITSA3,ITUB4,GPCP4,HAPV3,IRBR3,ISAE4,LIPR3,MSPA3
EBTP4,ELCA4,ECPR4,ELUM4,FESA3,FLCL6,FLCL3,ETER3,FJTA3,GEPA4,FRIO3,GEPA3,HAGA3,IDVL4,IGUA3,IMBI3,JBDU4,JBSS3,ITSA3,ITSA4,JBDU3,GRND3,HBOR3,ITSA3,ITSA3,LJQQ3,MSPA4
ECIS3,ELET3,EDNE5,EMAE4,FESA4,FRAS4,FLCL5,EVEN3,FJTA4,GETI3,FTRX3,GEPA4,HAGA4,IGBR3,IGUA5,IMBI4,JBSS3,JFEN3,ITSA4,ITUB3,JBDU4,GSHP3,HBRE3,ITSA4,ITSA4,LOGG3,MTRE3
ECIS4,ELET5,EKTR3,EMBR3,FFTL3,FTRX3,FLCL6,EZTC3,FRAS3,GETI4,FTRX4,GETI3,HBOR3,IGTA3,IGUA6,IMCH3,JFEN3,JHSF3,ITUB3,ITUB4,JBSS3,GUAR3,HBSA3,ITUB3,ITUB3,LOGN3,MTSA4
ECPR3,ELET6,EKTR4,EMBR4,FFTL4,FTRX4,FRAS3,FBMC3,FRAS4,GFSA3,GAZO3,GETI4,HBTS5,IGUA3,IMBI3,ITEC3,JHSF3,JOPA3,ITUB4,JBDU3,JFEN3,HAGA3,HBTS5,ITUB4,ITUB4,LPSB3,MULT3
ECPR4,ELMJ3,ELAT3,ENER3,FGUI3,GAZO4,FRAS4,FBMC4,FRIO3,GGBR3,GAZO4,GFSA3,HETA3,IGUA5,IMBI4,ITSA3,JOPA3,JOPA4,JBDU3,JBDU4,JHSF3,HAGA4,HETA3,JALL3,JALL3,LREN3,MWET3
EDNE5,ELMJ4,ELCA3,ENER6,FGUI4,GEPA3,FTRX4,FBRA4,FTRX4,GGBR4,GEPA3,GGBR3,HETA4,IGUA6,IMCH3,ITSA4,JOPA4,JSLG3,JBDU4,JBSS3,JOPA3,HAPV3,HETA4,JBSS3,JBSS3,LUPA3,MWET4
EKTR3,ELND3,ELCA4,ESCE3,FIGE3,GEPA4,GAZO4,FCAP3,GAZO4,GLOB3,GEPA4,GGBR4,HGTX3,IMBI3,INEP3,ITUB3,JSLG3,KEPL3,JBSS3,JFEN3,JOPA4,HBOR3,HYPE3,JHSF3,JHSF3,LUXM4,MYPK3
EKTR4,ELPL3,ELET3,ESTR3,FIGE4,GETI3,GEPA3,FCAP4,GEPA3,GOAU3,GETI3,GLOB3,HOOT4,IMBI4,INEP4,ITUB4,KEPL3,KLBN3,JFEN3,JHSF3,JPSA3,HBRE3,IFCM3,JOPA3,JOPA3,LVTC3,NATU3
ELAT3,ELPL4,ELET5,ESTR4,FJTA3,GETI4,GEPA4,FESA3,GEPA4,GOAU4,GETI4,GOAU3,HRTP3,IMCH3,INET3,JBDU3,KLBN3,KLBN4,JHSF3,JOPA3,JSLG3,HBSA3,IGTI3,JOPA4,JOPA4,LWSA3,NEOE3
ELBR4,ELUM4,ELET6,ETER3,FJTA4,GGBR3,GETI3,FESA4,GETI3,GOLL4,GFSA3,GOAU4,HYPE3,INEP3,ITEC3,JBDU4,KLBN4,KROT3,JOPA3,JOPA4,KEPL3,HBTS5,IGTI4,JSLG3,JSLG3,MAPT3,NGRD3
ELCA3,EMAE4,ELMJ3,ETER4,FLCL3,GGBR4,GETI4,FFTL4,GETI4,GPAR3,GGBR3,GOLL4,IDNT3,INEP4,ITSA3,JBSS3,KROT3,LAME3,JOPA4,JPSA3,KLBN3,HETA3,INEP3,KEPL3,KEPL3,MAPT4,NORD3
ELCA4,EMBR3,ELMJ4,FBMC4,FLCL5,GLOB4,GFSA3,FGUI3,GFSA3,GPCP3,GGBR4,GPAR3,IDVL4,INET3,ITSA4,JFEN3,LAME3,LAME4,JPSA3,JSLG3,KLBN4,HETA4,INEP4,KLBN3,KLBN3,MATD3,NUTR3
ELET3,EMBR4,ELND3,FBRA4,FLCL6,GOAU3,GGBR3,FGUI4,GGBR3,GRND3,GLOB3,GPCP3,IENG3,ITEC3,ITUB3,JHSF3,LAME4,LCAM3,JPSA4,KEPL3,LAME3,HGTX3,INTB3,KLBN4,KLBN4,MBLY3,OBTC3
ELET5,EMXS4,ELPL4,FCAP4,FRAS4,GOAU4,GGBR4,FHER3,GGBR4,GSHP3,GOAU3,GRND3,IENG5,ITSA3,ITUB4,JOPA3,LCAM3,LEVE3,JSLG3,KLBN3,LAME4,HYPE3,IRBR3,KRSA3,KRSA3,MBRF3,ODPV3
ELET6,ENER3,ELUM4,FESA4,FTRX4,GOLL4,GLOB3,FJTA3,GLOB3,GUAR3,GOAU4,GSHP3,IGBR3,ITSA4,JBDU3,JOPA4,LEVE3,LFFE3,KEPL3,KLBN4,LAVV3,IFCM3,ITSA3,LAND3,LAND3,MDIA3,OFSA3
ELMJ3,ENER6,EMAE4,FFTL3,GAFP3,GPCP3,GLOB4,FJTA4,GLOB4,GUAR4,GOLL4,GUAR3,IGTA3,ITUB3,JBDU4,JSLG3,LFFE3,LFFE4,KLBN3,KROT3,LCAM3,IGTA3,ITSA4,LAVV3,LAVV3,MDNE3,ONCO3
ELMJ4,EPTE4,EMBR3,FFTL4,GAFP4,GRND3,GOAU3,FLCL3,GOAU3,GVTT3,GPAR3,GUAR4,IGUA3,ITUB4,JBSS3,KEPL3,LFFE4,LIGT3,KLBN4,LAME3,LEVE3,IGTI3,ITUB3,LEVE3,LEVE3,MEAL3,OPCT3
ELND3,ERIC3,EMBR4,FGUI3,GALO4,GRNL4,GOAU4,FLCL5,GOAU4,HBOR3,GPCP3,HBOR3,IGUA5,JBDU3,JFEN3,KLBN3,LIGT3,LINX3,KROT3,LAME4,LIGT3,INTB3,ITUB4,LIGT3,LIPR3,MELK3,ORVR3
ELND4,ERIC4,EMXS3,FGUI4,GAZO4,GUAR3,GOLL4,FLCL6,GOLL4,HBTS5,GRND3,HBTS5,IGUA6,JBDU4,JHSF3,KLBN4,LINX3,LIPR3,LAME3,LCAM3,LINX3,IRBR3,JALL3,LIPR3,LJQQ3,MERC3,PATI3
ELPL3,ESCE3,EMXS4,FIGE3,GEPA3,GUAR4,GPCP3,FRAS3,GPAR3,HETA3,GSHP3,HETA3,IMBI3,JBSS3,JOPA3,KROT3,LIPR3,LIXC3,LAME4,LEVE3,LIPR3,ITSA3,JBSS3,LJQQ3,LOGG3,MERC4,PATI4
ELPL4,ESTR3,ENER3,FJTA3,GEPA4,HBTS5,GRND3,FRAS4,GPCP3,HETA4,GUAR3,HETA4,IMBI4,JFEN3,JOPA4,LAME3,LIXC3,LIXC4,LCAM3,LIGT3,LJQQ3,ITSA4,JHSF3,LLIS3,LOGN3,MGEL4,PCAR3
ELUM4,ESTR4,ENER5,FJTA4,GETI3,HETA3,GRNL4,FRIO3,GRND3,HGTX3,GUAR4,HGTX3,IMCH3,JHSF3,JSLG3,LAME4,LIXC4,LLIS3,LEVE3,LINX3,LLIS3,ITUB3,JOPA3,LOGG3,LPSB3,MGLU3,PDGR3
EMAE4,ETER3,ENER6,FLBR3,GETI4,HETA4,GUAR3,FTRX4,GRNL4,HOOT4,GVTT3,HOOT4,INEP3,JOPA3,KEPL3,LCAM3,LLIS3,LOGN3,LIGT3,LIPR3,LOGG3,ITUB4,JOPA4,LOGN3,LREN3,MILS3,PDTC3
EMBR3,ETER4,ESCE3,FLBR4,GFTT3,HGTX3,GUAR4,GAZO4,GSHP3,HYPE3,HBOR3,HRTP3,INEP4,JOPA4,KLBN3,LEVE3,LOGN3,LPSB3,LINX3,LIQO3,LOGN3,JALL3,JSLG3,LPSB3,LUPA3,MLAS3,PEAB3
EMBR4,FAPC3,ESTR3,FLCL3,GFTT4,HGTX4,HBTS5,GEPA3,GUAR3,IDNT3,HBTS5,HYPE3,INET3,JSLG3,KLBN4,LFFE3,LPSB3,LREN3,LIPR3,LLIS3,LPSB3,JBDU3,KEPL3,LREN3,LUXM4,MMAQ4,PEAB4
EMXS4,FAPC4,ESTR4,FLCL5,GGBR3,HOOT4,HETA4,GEPA4,GUAR4,IDVL3,HETA3,IDNT3,ITEC3,KEPL3,KROT3,LFFE4,LREN3,LUXM4,LIQO3,LOGG3,LREN3,JBDU4,KLBN3,LUPA3,LVTC3,MNDL3,PETR3
ENER3,FBMC4,ETER3,FLCL6,GGBR4,IDNT3,HGTX3,GETI3,GVTT3,IDVL4,HETA4,IDVL3,ITSA3,KLBN3,LAME3,LHER4,MAGG3,MAGG3,LLIS3,LOGN3,LUXM4,JBSS3,KLBN4,LUXM4,LWSA3,MNPR3,PETR4
ENER5,FBRA4,ETER4,FRAS3,GLOB3,IENG3,HGTX4,GETI4,HBOR3,IENG3,HGTX3,IDVL4,ITSA4,KLBN4,LAME4,LIGT3,MAPT3,MAPT4,LOGG3,LPSB3,LWSA3,JHSF3,KRSA3,LVTC3,MAPT3,MOAR3,PETZ3
ENER6,FCAP4,EUCA4,FRAS4,GLOB4,IENG5,HOOT4,GFSA3,HBTS5,IENG5,HOOT4,IENG3,ITUB3,KROT3,LCAM3,LINX3,MAPT4,MDIA3,LOGN3,LREN3,MAPT3,JOPA3,LAME3,LWSA3,MAPT4,MOTV3,PFRM3
EPED4,FESA4,FAPC4,FTRX4,GOAU3,IGBR3,IDNT3,GGBR3,HETA3,IGBR3,HRTP3,IENG5,ITUB4,LAME3,LEVE3,LIPR3,MDIA3,MEAL3,LPSB3,LUXM4,MAPT4,JOPA4,LAME4,MAPT3,MATD3,MOVI3,PGMN3
EPTE4,FFTL3,FBMC4,GAFP3,GOAU4,IGBR5,IENG3,GGBR4,HETA4,IGTA3,HYPE3,IGBR3,JBDU3,LAME4,LFFE3,LIXC3,MEAL3,MEND5,LREN3,MAGG3,MDIA3,JPSA3,LAND3,MAPT4,MBLY3,MRFG3,PINE3
ERIC3,FFTL4,FBRA4,GALO4,GOLL4,IGUA3,IENG5,GLOB3,HGTX3,IGUA3,IDNT3,IGTA3,JBDU4,LCAM3,LFFE4,LIXC4,MEND5,MEND6,LUXM4,MAPT3,MDNE3,JSLG3,LAVV3,MATD3,MDIA3,MRVE3,PINE4
ERIC4,FGUI3,FCAP4,GAZO4,GPCP3,IGUA5,IGBR3,GLOB4,HOOT4,IGUA5,IDVL3,IGUA3,JBSS3,LEVE3,LHER4,LLIS3,MEND6,MERC3,MAGG3,MAPT4,MEAL3,KEPL3,LCAM3,MBLY3,MDNE3,MSPA3,PLAS3
ESCE3,FGUI4,FESA3,GEPA3,GRND3,IGUA6,IGBR5,GOAU3,HYPE3,IGUA6,IDVL4,IGUA5,JFEN3,LFFE3,LIGT3,LOGN3,MERC3,MERC4,MAPT4,MDIA3,MELK3,KLBN3,LEVE3,MDIA3,MEAL3,MSPA4,PLPL3
ESTR3,FIGE3,FESA4,GEPA4,GRNL3,ILMD3,IGUA3,GOAU4,IDNT3,ILMD4,IENG3,IGUA6,JHSF3,LFFE4,LINX3,LPSB3,MERC4,MGEL4,MDIA3,MEAL3,MERC3,KLBN4,LIGT3,MDNE3,MELK3,MTRE3,PNVL3
ESTR4,FIGE4,FFTL4,GETI3,GRNL4,ILMD4,IGUA5,GOLL4,IDVL4,IMBI3,IENG5,ILMD3,JOPA3,LHER4,LIPR3,LREN3,MGLU3,MGLU3,MEAL3,MEND5,MERC4,KRSA3,LIPR3,MEAL3,MERC4,MTSA3,POMO3
ETER3,FJTA3,FGUI3,GETI4,GTDP3,IMBI3,IGUA6,GPCP3,IENG3,IMBI4,IGBR3,ILMD4,JOPA4,LIGT3,LIXC3,LUXM3,MILS3,MILS3,MEND5,MEND6,MGEL4,LAME3,LJQQ3,MEGA3,MGEL4,MTSA4,POMO4
ETER4,FJTA4,FGUI4,GGBR3,GTDP4,IMBI4,ILMD4,GRND3,IENG5,INEP3,IGTA3,IMBI3,JSLG3,LINX3,LIXC4,LUXM4,MLFT3,MLFT3,MEND6,MERC3,MGLU3,LAME4,LOGG3,MELK3,MGLU3,MULT3,POSI3
FAPC3,FLBR4,FIGE4,GGBR4,GUAR3,INEP4,IMBI3,GRNL3,IGBR3,INEP4,IGUA3,IMBI4,KEPL3,LIPR3,LLIS3,MAGG3,MLFT4,MLFT4,MERC3,MERC4,MILS3,LAND3,LOGN3,MERC3,MILS3,MWET3,PRIO3
FAPC4,FLCL3,FJTA3,GLOB3,GUAR4,INET3,IMBI4,GRNL4,IGTA3,INET3,IGUA5,IMCH3,KLBN3,LIXC3,LLXL3,MAPT3,MMXM3,MNDL3,MERC4,MGEL4,MNDL3,LAVV3,LPSB3,MERC4,MLAS3,MWET4,PRNR3
FBMC4,FLCL5,FJTA4,GLOB4,HBTS5,ITAU3,INEP4,GSHP3,IGUA3,INPR3,IGUA6,INEP3,KLBN4,LIXC4,LOGN3,MAPT4,MNDL3,MNPR3,MGEL4,MGLU3,MNPR3,LCAM3,LREN3,MGEL4,MMAQ3,MYPK3,PSSA3
FBRA4,FLCL6,FLBR3,GOAU3,HGTX3,ITAU4,INET3,GUAR3,IGUA5,ITAU3,ILMD3,INEP4,KROT3,LLIS3,LPSB3,MDIA3,MNPR3,MOAR3,MGLU3,MILS3,MOAR3,LEVE3,LUXM4,MGLU3,MMAQ4,NATU3,PTBL3
FCAP4,FTRX4,FLBR4,GOAU4,HGTX4,ITEC3,ITAU3,GUAR4,IGUA6,ITAU4,ILMD4,INET3,KROT4,LLXL3,LREN3,MEAL3,MOAR3,MOVI3,MILS3,MNDL3,MOVI3,LIGT3,LVTC3,MILS3,MNDL3,NEOE3,PTNT3
FESA3,FTZA4,FLCL3,GPCP3,HOOT4,ITSA3,ITAU4,GVTT3,ILMD4,ITEC3,IMBI3,INPR3,LAME3,LOGN3,LUPA3,MEND3,MPLU3,MPLU3,MLFT3,MNPR3,MRFG3,LINX3,LWSA3,MLAS3,MNPR3,NGRD3,PTNT4
FESA4,GALO4,FLCL5,GRNL3,ICPI3,ITSA4,ITEC3,HBOR3,IMBI3,ITSA3,IMBI4,ITEC3,LAME4,LPSB3,LUXM4,MEND5,MRFG3,MRFG3,MLFT4,MOAR3,MRVE3,LIPR3,MAPT3,MNDL3,MOAR3,NINJ3,QUAL3
FFTL3,GAZO4,FLCL6,GRNL4,ICPI4,JBDU3,ITSA3,HBTS5,IMBI4,ITSA4,INEP3,ITSA3,LCAM3,LREN3,MAGG3,MEND6,MRVE3,MRVE3,MNDL3,MOVI3,MSPA3,LJQQ3,MAPT4,MNPR3,MOVI3,NORD3,RADL3
FFTL4,GEPA3,FRAS4,GTDP3,IDNT3,JBDU4,ITSA4,HETA3,INEP3,ITUB3,INEP4,ITSA4,LEVE3,LUPA3,MAPT3,MERC3,MSPA3,MSPA3,MNPR3,MPLU3,MSPA4,LOGG3,MATD3,MOAR3,MRFG3,NTCO3,RAIL3
FGUI3,GEPA4,FTRX4,GTDP4,IENG3,JFEN3,JBDU3,HETA4,INEP4,ITUB4,INET3,ITUB3,LFFE3,LUXM3,MAPT4,MERC4,MSPA4,MSPA4,MOAR3,MRFG3,MTIG4,LOGN3,MBLY3,MODL3,MRVE3,NUTR3,RAIZ4
FGUI4,GETI3,GAFP3,GUAR3,IENG5,JOPA4,JBDU4,HGTX3,INET3,IVTT3,INPR3,ITUB4,LIGT3,LUXM4,MDIA3,MGLU3,MTIG3,MTIG4,MOVI3,MRVE3,MTRE3,LPSB3,MDIA3,MOVI3,MSPA3,OBTC3,RANI3
FIGE3,GETI4,GAZO4,GUAR4,IGBR3,KEPL3,JFEN3,HGTX4,INPR3,JBDU3,ITEC3,JBDU3,LIPR3,MAGG3,MEND5,MILS3,MTIG4,MTSA3,MPLU3,MSPA3,MTSA3,LREN3,MDNE3,MRFG3,MSPA4,ODPV3,RAPT3
FIGE4,GFTT3,GEPA3,HBTS5,IGBR5,KLBN3,JOPA3,HOOT4,IRON3,JBDU4,ITSA3,JBDU4,LIXC3,MAPT3,MEND6,MLFT3,MTSA3,MTSA4,MRFG3,MSPA4,MTSA4,LUXM4,MEAL3,MRVE3,MTRE3,OFSA3,RAPT4
FJTA3,GFTT4,GEPA4,HETA4,IGUA3,KLBN4,JOPA4,IDNT3,ITAU3,JBSS3,ITSA4,JBSS3,LIXC4,MAPT4,MERC3,MLFT4,MTSA4,MULT3,MRVE3,MTIG4,MULT3,LVTC3,MEGA3,MSPA3,MTSA3,ONCO3,RCSL3
FJTA4,GGBR3,GETI3,HGTX3,IGUA5,LAME3,KEPL3,IDVL4,ITAU4,JFEN3,ITUB3,JFEN3,LLIS3,MDIA3,MERC4,MMXM3,MULT3,MYPK3,MSPA3,MTSA3,MYPK3,LWSA3,MELK3,MSPA4,MTSA4,OPCT3,RCSL4
FLBR3,GGBR4,GETI4,HGTX4,IGUA6,LAME4,KLBN3,IENG3,ITEC3,JHSF3,ITUB4,JHSF3,LLXL3,MEND5,MGLU3,MNDL3,MWET3,NAFG3,MSPA4,MTSA4,NAFG3,MAPT3,MERC3,MTRE3,MULT3,ORVR3,RDOR3
FLBR4,GLOB4,GGBR3,HOOT4,ILMD3,LECO4,KLBN4,IENG5,ITSA3,JOPA3,IVTT3,JOPA3,LOGN3,MEND6,MILS3,MNPR3,MWET4,NAFG4,MTIG4,MULT3,NAFG4,MAPT4,MERC4,MTSA3,MWET3,PATI3,RECV3
FLCL3,GOAU3,GGBR4,ICPI3,ILMD4,LETO3,KSSA3,IGBR3,ITSA4,JOPA4,JBDU3,JOPA4,LPSB3,MERC3,MLFT3,MOAR3,MYPK3,NATU3,MTSA3,MYPK3,NEOE3,MATD3,MGEL4,MTSA4,MWET4,PATI4,REDE3
FLCL5,GOAU4,GLOB4,ICPI4,IMBI3,LETO5,LAME3,IGBR5,IVTT3,KEPL3,JBDU4,JSLG3,LREN3,MERC4,MLFT4,MPLU3,NAFG3,NORD3,MTSA4,NAFG3,NGRD3,MBLY3,MGLU3,MULT3,MYPK3,PCAR3,RENT3
FLCL6,GRNL4,GMSA3,IDNT3,IMBI4,LEVE3,LAME4,IGBR6,JBDU3,KLBN3,JBSS3,KEPL3,LUPA3,MGEL4,MMXM3,MRFG3,NAFG4,NUTR3,MULT3,NAFG4,NORD3,MDIA3,MILS3,MWET3,NEOE3,PDGR3,RENT4
FTRX4,GRSU3,GOAU3,IENG3,INEP4,LEVE4,LECO4,IGBR7,JBDU4,KLBN4,JFEN3,KLBN3,LUXM3,MGLU3,MNDL3,MRVE3,NATU3,ODER4,MYPK3,NATU3,NTCO3,MDNE3,MLAS3,MWET4,NGRD3,PDTC3,RNEW3
FTSE3,GRSU5,GOAU4,IENG5,INET3,LFFE3,LETO3,IGTA3,JBSS3,KSSA3,JHSF3,KLBN4,LUXM4,MILS3,MNPR3,MSPA3,NUTR3,ODPV3,NAFG3,NEOE3,ODPV3,MEAL3,MNDL3,MYPK3,NINJ3,PEAB3,RNEW4
FTSE4,GRSU6,GPCP3,IGBR3,ITAU3,LFFE4,LETO5,IGUA3,JFEN3,LAME3,JOPA3,LAME3,MAGG3,MLFT3,MOAR3,MSPA4,ODPV3,OFSA3,NAFG4,NORD3,OFSA3,MEGA3,MNPR3,NEOE3,NORD3,PEAB4,ROMI3
FTZA4,GTDP3,GRNL4,IGBR5,ITAU4,LIGH3,LEVE4,IGUA5,JHSF3,LAME4,JOPA4,LAME4,MAPT3,MLFT4,MPLU3,MTIG3,OFSA3,OGSA3,NATU3,NTCO3,OMGE3,MELK3,MOAR3,NEXP3,NTCO3,PETR3,RPAD3
GALO4,GTDP4,GRSU3,IGBR6,ITEC3,LIPR3,LFFE3,IGUA6,JOPA3,LECO4,JSLG3,LEVE3,MAPT4,MMXM3,MRFG3,MTIG4,OIBR3,OGXP3,NORD3,ODPV3,OSXB3,MERC3,MODL3,NGRD3,ODPV3,PETR4,RPAD5
GAZO4,GUAR3,GRSU6,IGUA3,ITSA3,LIXC3,LFFE4,ILMD4,JOPA4,LEVE4,KEPL3,LEVE4,MDIA3,MNDL3,MRVE3,MTSA3,OIBR4,OMGE3,ODPV3,OFSA3,PARD3,MERC4,MODL4,NINJ3,OFSA3,PETZ3,RPAD6
GEPA3,GUAR4,GTDP3,IGUA5,ITSA4,LIXC4,LIGH3,IMBI3,KEPL3,LFFE4,KLBN3,LFFE3,MEND5,MNPR3,MSPA3,MTSA4,PARC3,PARC3,OFSA3,OGXP3,PATI3,MGEL4,MOSI3,NORD3,ONCO3,PFRM3,RSUL4
GEPA4,HBTS5,GTDP4,IGUA6,IVEN3,LREN3,LIGT3,IMBI4,KLBN3,LIGT3,KLBN4,LFFE4,MEND6,MOAR3,MSPA4,MULT3,PATI3,PARD3,OGXP3,OMGE3,PATI4,MGLU3,MOVI3,NTCO3,OPCT3,PGMN3,RVEE3
GETI3,HETA3,GUAR3,ILMD4,JBDU3,LREN4,LIPR3,INEP3,KLBN4,LIPR3,KSSA3,LIGT3,MERC3,MPLU3,MTIG3,MWET3,PATI4,PATI3,OMGE3,PARD3,PCAR3,MILS3,MRFG3,ODER4,ORVR3,PINE3,SANB3
GETI4,HETA4,GUAR4,IMBI3,JBDU4,LUXM4,LIXC3,INEP4,KSSA3,LIXC3,LAME3,LIPR3,MERC4,MPXE3,MTIG4,MWET4,PCAR3,PATI4,PARD3,PATI3,PCAR4,MLAS3,MRVE3,ODPV3,OSXB3,PINE4,SANB4
GLOB3,HGNN6,HBTS5,IMBI4,JFEN3,MAGS3,LIXC4,INET3,LAME3,LIXC4,LAME4,LIXC3,MGEL4,MRFG3,MTSA4,MYPK3,PCAR4,PCAR3,PATI3,PATI4,PDTC3,MNDL3,MSPA3,OFSA3,PATI3,PLAS3,SAPR3
GLOB4,HGTX3,HETA4,INEP4,KEPL3,MAGS5,LPSB3,INPR3,LAME4,LLIS3,LARK4,LIXC4,MGLU3,MRVE3,MULT3,NAFG3,PDGR3,PCAR4,PATI4,PCAR3,PEAB3,MNPR3,MSPA4,OIBR3,PATI4,PLPL3,SAPR4
GOAU3,HGTX4,HGTX3,INET3,KLBN3,MAPT4,LREN3,ITAU3,LECO4,LLXL3,LEVE4,LLIS3,MILS3,MSPA3,MWET3,NAFG4,PEAB3,PDGR3,PCAR3,PCAR4,PEAB4,MOAR3,MTIG4,OIBR4,PCAR3,PNVL3,SBFG3
GOAU4,HOOT4,HGTX4,ITAU3,KLBN4,MEND5,LUPA3,ITAU4,LETO5,LOGN3,LFFE3,LLXL3,MLFT3,MSPA4,MWET4,NATU3,PEAB4,PEAB3,PCAR4,PEAB3,PETR3,MODL3,MTRE3,ONCO3,PDGR3,POMO3,SBSP3
GPCP3,IBAN3,HOOT4,ITAU4,LAME3,MEND6,LUXM4,ITEC3,LEVE4,LPSB3,LFFE4,LOGN3,MLFT4,MTIG3,MYPK3,NETC4,PETR3,PEAB4,PEAB3,PEAB4,PETR4,MODL4,MTSA3,OPCT3,PDTC3,POMO4,SCAR3
GRNL3,IBAN5,ICPI3,ITEC3,LAME4,MERC4,MAGS3,ITSA3,LFFE3,LREN3,LHER4,LPSB3,MMXM3,MTIG4,NAFG4,NORD3,PETR4,PETR3,PEAB4,PETR3,PETZ3,MOSI3,MTSA4,ORVR3,PEAB3,PORT3,SEER3
GRNL4,IBAN6,ICPI4,ITSA3,LARK4,MGEL4,MAGS5,ITSA4,LFFE4,LUPA3,LIGT3,LREN3,MNDL3,MTSA4,NATU3,NUTR3,PFRM3,PETR4,PETR3,PETR4,PFRM3,MOVI3,MULT3,OSXB3,PEAB4,POSI3,SEQL3
GRSU3,ICPI3,IDNT3,ITSA4,LATS3,MLFT3,MAGS7,IVTT3,LIGT3,LUXM4,LIPR3,LUPA3,MNDL4,MULT3,NETC3,ODPV3,PINE4,PFRM3,PETR4,PFRM3,PGMN3,MRFG3,MWET3,PARD3,PETR3,PRIO3,SHOW3
GRSU5,ICPI4,IENG3,IVIL3,LATS6,MLFT4,MAPT3,JBDU3,LIPR3,MAGG3,LIXC3,LUXM3,MNPR3,MWET4,NETC4,OFSA3,PLAS3,PINE4,PFRM3,PINE4,PINE4,MRVE3,MWET4,PATI3,PETR4,PRNR3,SHUL4
GRSU6,IDNT3,IENG5,IVIL4,LECO4,MLPA4,MAPT4,JBDU4,LIXC3,MAPT3,LIXC4,LUXM4,MOAR3,MYPK3,NORD3,OIBR3,PMAM3,PLAS3,PINE4,PLAS3,PLAS3,MSPA3,MYPK3,PATI4,PETZ3,PSSA3,SIMH3
GTDP4,IENG3,IGBR3,JBDU3,LETO5,MNDL3,MDIA3,JBSS3,LIXC4,MAPT4,LLIS3,MAGG3,MPLU3,NAFG4,NUTR3,OIBR4,PNVL3,PMAM3,PLAS3,PMAM3,PLPL3,MSPA4,NEOE3,PCAR3,PFRM3,PTBL3,SLCE3
HBTS5,IENG5,IGBR5,JBDU4,LEVE3,MNDL4,MEDI3,JFEN3,LLIS3,MARI3,LLXL3,MAPT3,MPXE3,NATU3,ODPV3,PARC3,PNVL4,PNVL3,PMAM3,PNVL3,PMAM3,MTIG4,NEXP3,PDGR3,PGMN3,PTNT3,SMFT3
HETA4,IGBR3,IGUA3,JFAB4,LEVE4,MNPR4,MEND5,JHSF3,LLXL3,MDIA3,LOGN3,MAPT4,MRFG3,NETC3,OFSA3,PATI3,POMO3,PNVL4,PNVL3,PNVL4,PNVL3,MTRE3,NGRD3,PDTC3,PINE3,PTNT4,SMTO3
HGNN6,IGBR5,IGUA5,JFEN3,LFFE3,MNSA3,MEND6,JOPA3,LOGN3,MEDI3,LPSB3,MDIA3,MRSL4,NETC4,OIBR3,PATI4,POMO4,POMO3,PNVL4,POMO3,PNVL4,MTSA3,NINJ3,PEAB3,PINE4,QUAL3,SNSY3
HGTX3,IGBR6,IGUA6,KEPL3,LFFE4,MNSA4,MERC4,JOPA4,LPSB3,MEND3,LREN3,MEND5,MRVE3,NORD3,OIBR4,PCAR3,POSI3,POMO4,POMO3,POMO4,POMO3,MTSA4,NORD3,PEAB4,PLAS3,RADL3,SNSY5
HGTX4,IGUA3,ILLS4,KEPL4,LGLO4,MOAR3,MGEL4,KEPL3,LREN3,MEND5,LUPA3,MEND6,MSPA3,ODPV3,PATI3,PCAR4,PRBC4,POSI3,POMO4,POSI3,POMO4,MULT3,NTCO3,PETR3,PLPL3,RAIL3,SOJA3
HOOT4,IGUA5,ILMD3,KLBN3,LIGH3,MRSL3,MLFT3,KLBN3,LUPA3,MEND6,LUXM3,MERC3,MSPA4,OGXP3,PATI4,PDGR3,PRIO3,PRBC4,POSI3,PRIO3,POSI3,MYPK3,ODPV3,PETR4,PNVL3,RAIZ4,SOND3
IBAN3,IGUA6,ILMD4,KLBN4,LIPR3,MRSL4,MLFT4,KLBN4,LUXM4,MERC3,LUXM4,MERC4,MTIG3,OIBR3,PCAR4,PEAB3,PRML3,PRIO3,PRIO3,PSSA3,PRIO3,NEOE3,OFSA3,PETZ3,POMO3,RANI3,SOND5
IBAN5,ILLS4,IMBI3,LAEL4,LIXC3,MSPA3,MLPA4,KSSA3,MAGG3,MERC4,MAGG3,MGEL3,MTIG4,OIBR4,PDGR3,PEAB4,PSSA3,PRML3,PRML3,PTBL3,PRNR3,NGRD3,OIBR3,PFRM3,POMO4,RAPT3,SOND6
ICPI3,ILMD4,IMBI4,LAME3,LIXC4,MSPA4,MMXM3,LAME3,MAGS3,MGEL4,MAPT3,MGEL4,MTSA4,OSXB3,PEAB3,PETR3,PTBL3,PSSA3,PSSA3,PTNT3,PSSA3,NINJ3,OIBR4,PGMN3,PORT3,RAPT4,SUZB3
ICPI4,IMBI4,INEP4,LAME4,LREN4,MTBR3,MNDL3,LAME4,MAGS5,MLFT3,MAPT4,MGLU3,MULT3,PATI3,PEAB4,PETR4,PTNT3,PTBL3,PTBL3,PTNT4,PTBL3,NORD3,ONCO3,PINE3,POSI3,RCSL3,SYNE3
IDNT3,INEP4,ITAU3,LATS3,LUXM4,MTBR4,MNDL4,LARK4,MAGS7,MLFT4,MARI3,MILS3,MWET3,PATI4,PETR3,PFRM3,PTNT4,PTNT3,PTNT3,QGEP3,PTNT3,NTCO3,OPCT3,PINE4,PRIO3,RCSL4,TAEE3
IENG3,INET3,ITAU4,LATS4,MAGS3,MTIG3,MNPR4,LECO4,MAPT3,MMXM3,MDIA3,MLFT3,MWET4,PCAR4,PETR4,PINE4,PTPA3,PTNT4,PTNT4,QUAL3,PTNT4,ODER4,ORVR3,PLAS3,PRNR3,RDNI3,TAEE4
IENG5,INFM4,ITEC3,LATS6,MAGS5,MTIG4,MNSA3,LETO5,MAPT4,MNDL3,MEDI3,MLFT4,MYPK3,PDGR3,PFRM3,PLAS3,PTPA4,QGEP3,QGEP3,RADL3,QUAL3,ODPV3,OSXB3,PLPL3,PSSA3,RDOR3,TASA3
IGBR3,ITAU3,ITSA3,LCSA3,MAGS7,MTSA4,MNSA4,LEVE3,MARI3,MNDL4,MEND5,MMXM3,NAFG4,PEAB3,PINE4,PMAM3,QGEP3,QUAL3,QUAL3,RAIL3,RADL3,OFSA3,PARD3,PNVL3,PTBL3,REAG3,TASA4
IGBR5,ITAU4,ITSA4,LCSA4,MAPT3,MWET3,MOAR3,LEVE4,MDIA3,MNPR3,MEND6,MNDL3,NATU3,PEAB4,PLAS3,PNVL3,QUAL3,RADL3,RADL3,RANI3,RAIL3,OMGE3,PATI3,POMO3,PTNT3,RECV3,TCSA3
IGBR6,ITEC3,IVEN4,LECO4,MAPT4,MWET4,MRSL4,LFFE3,MEDI3,MOAR3,MERC3,MNDL4,NETC3,PETR3,PMAM3,PNVL4,RADL3,RAIL3,RAIL3,RANI4,RANI3,ONCO3,PATI4,POMO4,PTNT4,REDE3,TECN3
IGUA3,ITEC5,IVIL4,LETO5,MERC4,MYPK3,MSPA3,LFFE4,MEND5,MPXE3,MERC4,MNPR3,NETC4,PETR4,PNVL3,POMO3,RANI3,RANI3,RANI3,RAPT3,RANI4,OPCT3,PCAR3,PORT3,QUAL3,RENT3,TELB3
IGUA5,ITSA3,JBDU3,LEVE4,MGEL4,MYPK4,MSPA4,LIGT3,MEND6,MRFG3,MGEL4,MOAR3,NORD3,PFRM3,PNVL4,POMO4,RANI4,RANI4,RANI4,RAPT4,RAPT3,ORVR3,PDGR3,POSI3,RADL3,RENT4,TELB4
IGUA6,ITSA4,JBDU4,LGLO4,MLFT4,NATU3,MTBR3,LIPR3,MERC3,MRSL3,MILS3,MPLU3,ODPV3,PINE4,POMO3,POSI3,RAPT3,RAPT3,RAPT3,RCSL3,RAPT4,OSXB3,PDTC3,PRIO3,RAIL3,RNEW3,TEND3
ILMD4,IVCT4,JFAB4,LIAS4,MLPA4,NEMO4,MTBR4,LIXC3,MERC4,MRSL4,MLFT3,MPXE3,OGXP3,PLAS3,POMO4,PRBC4,RAPT4,RAPT4,RAPT4,RCSL4,RCSL3,PARD3,PEAB3,PRNR3,RAIZ4,RNEW4,TFCO4
IMBI3,IVEN4,JFEN3,LIGH3,MNDL3,NETC3,MTIG3,LIXC4,MGEL3,MRVE3,MLFT4,MRFG3,OHLB3,PMAM3,POSI3,PRIO3,RCSL3,RCSL3,RCSL3,RDNI3,RCSL4,PATI3,PEAB4,PSSA3,RANI3,ROMI3,TGMA3
IMBI4,IVIL4,JOIN4,LIPR3,MNDL4,NETC4,MTIG4,LOGN3,MGEL4,MSPA3,MMXM3,MRSL3,OIBR3,PMET5,PRBC4,PRML3,RCSL4,RCSL4,RCSL4,REDE3,RDNI3,PATI4,PETR3,PTBL3,RAPT3,RPAD3,TIMS3
INEP3,JBDU3,KEPL3,LIXC3,MNPR3,NORD3,MTSA4,LPSB3,MLFT3,MSPA4,MNDL3,MRSL4,OIBR4,PMET6,PRML3,PRVI3,RDNI3,RDNI3,RDNI3,RENT3,RDOR3,PCAR3,PETR4,PTNT3,RAPT4,RPAD5,TKNO3
INEP4,JBDU4,KEPL4,LIXC4,MNPR4,OHLB3,MWET3,LREN3,MLFT4,MTIG3,MNDL4,MRVE3,OSXB3,PNVL3,PRVI3,PSSA3,RDTR3,REDE3,REDE3,RLOG3,REDE3,PDGR3,PETZ3,PTNT4,RCSL3,RPAD6,TKNO4
INET3,JFAB4,KLBN3,LREN4,MNSA3,OSAO4,MWET4,LUPA3,MLPA4,MTIG4,MNPR3,MSPA3,PATI3,PNVL4,PSSA3,PTBL3,REDE3,REDE4,RENT3,RNEW3,RENT3,PDTC3,PFRM3,QUAL3,RCSL4,RSUL4,TOKY3
INFM3,JFEN3,KLBN4,LUXM3,MNSA4,PALF3,MYPK3,LUXM4,MMXM3,MTSA4,MOAR3,MSPA4,PATI4,POMO3,PTBL3,PTNT3,REDE4,RENT3,RLOG3,RNEW4,RLOG3,PEAB3,PGMN3,RADL3,RDNI3,RVEE3,TOTS3
INFM4,KEPL4,LAEL4,LUXM4,MOAR3,PALF5,MYPK4,MAGS3,MNDL3,MULT3,MPLU3,MTIG3,PCAR4,POMO4,PTNT3,PTNT4,RENT3,RLOG3,RNEW3,ROMI3,ROMI3,PEAB4,PINE4,RAIL3,RDOR3,SANB3,TPIS3
IRID3,KLAB3,LAME3,MAGS3,MRSL4,PALF7,NATU3,MAGS5,MNDL4,MWET3,MPXE3,MTIG4,PDGR3,POSI3,PTNT4,PTPA4,RJCP3,RNEW3,RNEW4,RPAD3,RPAD3,PETR3,PLAS3,RAIZ4,RECV3,SANB4,TRAD3
ITAU3,KLAB4,LAME4,MAGS5,MSAN3,PATI3,NETC3,MAGS7,MNPR3,MWET4,MRFG3,MTSA3,PEAB3,PRBC4,PTPA4,QGEP3,RLOG3,RNEW4,ROMI3,RPAD5,RPAD5,PETR4,PLPL3,RANI3,REDE3,SAPR3,TRIS3
ITAU4,LAEL4,LATS3,MAGS7,MSAN4,PATI4,NETC4,MAPT3,MOAR3,MYPK3,MRSL4,MTSA4,PEAB4,PRVI3,QGEP3,QUAL3,RNEW3,ROMI3,RPAD3,RPAD6,RPAD6,PETZ3,PMAM3,RAPT3,RENT3,SAPR4,TTEN3
ITEC3,LAME3,LATS4,MAPT3,MSPA3,PCAR3,ODPV3,MAPT4,MPXE3,NAFG4,MRVE3,MULT3,PETR3,PSSA3,QUAL3,RADL3,ROMI3,RPAD3,RPAD5,RSID3,RRRP3,PFRM3,PNVL3,RAPT4,ROMI3,SBFG3,TUPY3
ITEC5,LAME4,LECO4,MAPT4,MSPA4,PCAR4,OHLB3,MARI3,MRFG3,NATU3,MSPA3,MWET3,PETR4,PTBL3,RADL3,RANI3,RPAD3,RPAD5,RPAD6,RSUL4,RSID3,PGMN3,POMO3,RCSL3,RPAD3,SBSP3,UCAS3
ITPS4,LATS3,LETO3,MERC3,MTBR3,PEAB3,OSAO4,MDIA3,MRSL3,NETC3,MSPA4,MWET4,PFRM3,PTNT3,RANI3,RANI4,RPAD5,RPAD6,RSID3,SANB3,RSUL4,PINE4,POMO4,RCSL4,RPAD5,SCAR3,UGPA3
ITSA3,LATS4,LETO4,MERC4,MTBR4,PEAB4,PALF3,MEDI3,MRSL4,NETC4,MTIG3,MYPK3,PINE4,PTNT4,RANI4,RAPT3,RPAD6,RSID3,RSUL4,SANB4,SANB3,PLAS3,PORT3,RDNI3,RPAD6,SEER3,UNIP3
ITSA4,LCSA4,LETO5,MGEL4,MTIG3,PEFX3,PALF7,MEND5,MRVE3,NORD3,MTIG4,NAFG4,PLAS3,PTPA4,RAPT3,RAPT4,RSID3,RSUL4,SANB3,SAPR3,SANB4,PLPL3,POSI3,RDOR3,RRRP3,SEQL3,UNIP5
IVCT4,LECO4,LEVE4,MLCF4,MTIG4,PEFX5,PATI3,MEND6,MSPA3,ODPV3,MTSA3,NATU3,PMAM3,QGEP3,RAPT4,RCSL3,RUMO3,RUMO3,SANB4,SAPR4,SAPR3,PMAM3,POWE3,RECV3,RSUL4,SHOW3,UNIP6
IVEN4,LEVE4,LFFE3,MLFT3,MTSA4,PETR3,PATI4,MERC4,MSPA4,OGXP3,MTSA4,NETC3,PMET6,QUAL3,RCSL3,RCSL4,SANB3,SANB3,SAPR3,SBSP3,SAPR4,PNVL3,PRIO3,REDE3,SANB3,SHUL4,USIM3
IVIL3,LFFE4,LFFE4,MLFT4,MWET3,PETR4,PCAR3,MGEL4,MTIG3,OHLB3,MULT3,NETC4,PNVL3,RADL3,RCSL4,RDNI3,SANB4,SANB4,SAPR4,SCAR3,SBSP3,PNVL4,PRNR3,RENT3,SANB4,SIMH3,USIM5
IVIL4,LIAS4,LIAS4,MLPA4,MWET4,PITI4,PCAR4,MLFT3,MTIG4,PATI3,MWET3,NORD3,PNVL4,RANI3,RDNI3,RDTR3,SAPR3,SAPR3,SBSP3,SEDU3,SCAR3,POMO3,PSSA3,ROMI3,SAPR3,SLCE3,VALE3
JBDU3,LIGH3,LIGH3,MMAQ4,MYPK3,PLDN4,PEAB3,MLFT4,MTSA4,PATI4,MWET4,ODPV3,POMO3,RANI4,RDTR3,RENT3,SAPR4,SAPR4,SCAR3,SEER3,SEER3,POMO4,PTBL3,RPAD3,SAPR4,SMFT3,VAMO3
JBDU4,LIPR3,LIPR3,MNPR3,MYPK4,PLIM4,PEAB4,MLPA4,MULT3,PCAR3,MYPK3,OGXP3,POMO4,RAPT3,RENT3,RJCP3,SBSP3,SBSP3,SEDU3,SGPS3,SEQL3,PORT3,PTNT3,RPAD5,SBFG3,SMTO3,VBBR3
JFAB4,LITS3,LIXC3,MNPR4,NAFG4,PLTO5,PEFX3,MMXM3,MWET3,PCAR4,NAFG4,OHLB3,POSI3,RAPT4,RHDS3,RLOG3,SCAR3,SCAR3,SEER3,SHOW3,SGPS3,POSI3,PTNT4,RPAD6,SBSP3,SNSY3,VITT3
JFEN3,LITS4,LIXC4,MNSA3,NATU3,PLTO6,PEFX5,MNDL3,MWET4,PCAR5,NATU3,OSXB3,PRBC4,RCSL3,RJCP3,RNAR3,SEDU3,SEDU3,SGPS3,SHUL4,SHOW3,POWE3,QUAL3,RRRP3,SCAR3,SNSY5,VIVA3
JOIN4,LIXC3,LREN3,MNSA4,NORD3,PMAM3,PETR3,MNDL4,MYPK3,PDGR3,NEMO4,PATI3,PRTX3,RCSL4,RLOG3,RNEW3,SEER3,SEER3,SHOW3,SLCE3,SHUL4,PRIO3,RADL3,RSUL4,SEER3,SOJA3,VIVR3
KLAB3,LIXC4,LUXM4,MOAR3,OSAO4,PMAM4,PETR4,MNPR3,MYPK4,PEAB3,NETC3,PATI4,PRVI3,RDNI3,RNAR3,ROMI3,SFSA4,SGAS3,SHUL4,SMLS3,SIMH3,PRNR3,RAIL3,SANB3,SEQL3,SOND3,VIVT3
KLAB4,LREN4,MAGS3,MRSL3,PALF3,PNOR5,PFRM3,MNPR4,NAFG4,PEAB4,NETC4,PCAR4,PSSA3,RDTR3,ROMI3,RPAD3,SGAS3,SGAS4,SLCE3,SMTO3,SLCE3,PSSA3,RAIZ4,SANB4,SGPS3,SOND5,VLID3
LAEL3,LUXM4,MAGS5,MRSL4,PALF5,PNOR6,PLAS4,MOAR3,NATU3,PETR3,NORD3,PCAR5,PTBL3,RENT3,RPAD3,RPAD5,SGAS4,SGPS3,SLED3,SNSL3,SMLS3,PTBL3,RANI3,SAPR3,SHOW3,SOND6,VSTE3
LAEL4,MAGS3,MAHS3,MSAN3,PATI3,PNVL3,PLDN4,MPXE3,NETC3,PETR4,ODPV3,PDGR3,PTNT3,RHDS3,RPAD5,RPAD6,SGPS3,SHOW3,SLED4,SOND3,SMTO3,PTNT3,RAPT3,SAPR4,SHUL4,SRNA3,VTRU3
LAME3,MAGS5,MAHS4,MSAN4,PATI4,PNVL4,PLTO5,MRFG3,NETC4,PFRM3,OGXP3,PEAB3,PTNT4,RJCP3,RPAD6,RSID3,SHOW3,SHUL4,SMLS3,SOND5,SNSY3,PTNT4,RAPT4,SBFG3,SIMH3,STBP3,VULC3
LAME4,MAGS7,MAPT3,MSPA3,PCAR4,POMO3,PLTO6,MRSL3,NORD3,PINE4,OHLB3,PEAB4,PTPA4,RNAR3,RSID3,RSUL4,SHUL3,SLCE3,SMTO3,SOND6,SNSY5,QUAL3,RCSL3,SBSP3,SLCE3,SUZB3,VVEO3
LARK4,MAHS3,MAPT4,MSPA4,PEAB3,POMO4,PMAM3,MRSL4,ODPV3,PLAS3,OSXB3,PETR3,QGEP3,RNEW3,RSUL4,RUMO3,SHUL4,SLED3,SNSL3,SPRI3,SOMA3,RADL3,RCSL4,SCAR3,SMFT3,SYNE3,WDCN3
LATS3,MAHS4,MERC3,MTBR3,PEAB4,POPR4,PMAM4,MRVE3,OGXP3,PMAM3,PATI3,PETR4,QUAL3,ROMI3,SANB3,SANB3,SLCE3,SLED4,SOND5,SPRI5,SOND5,RAIL3,RDNI3,SEER3,SMTO3,TAEE3,WEGE3
LATS4,MAKR3,MERC4,MTBR4,PEFX3,PORP4,PNOR5,MSPA3,OHLB3,PMAM4,PATI4,PFRM3,RADL3,RPAD3,SANB4,SANB4,SLED3,SMLE3,SOND6,SPRI6,SOND6,RAIZ4,RDOR3,SEQL3,SNSY3,TAEE4,WEST3
LECO4,MAPT4,MGEL4,MTSA4,PEFX5,PQUN3,PNOR6,MSPA4,PATI3,PMET6,PCAR3,PINE4,RANI3,RPAD5,SAPR3,SAPR3,SLED4,SMLS3,SPRI3,SQIA3,SPRI3,RANI3,RECV3,SGPS3,SNSY5,TASA3,WHRL3
LEVE3,MEHH4,MLCF4,MWET3,PETR3,PQUN4,PNVL3,MTIG3,PATI4,PNOR5,PCAR5,PLAS3,RANI4,RPAD6,SAPR4,SAPR4,SMLE3,SMTO3,SPRI5,SSBR3,SPRI5,RAPT3,REDE3,SHOW3,SOJA3,TASA4,WHRL4
LEVE4,MERC3,MLFT4,MWET4,PETR4,PRGA3,PNVL4,MTIG4,PCAR3,PNOR6,PDGR3,PMAM3,RAPT3,RSID3,SBSP3,SBSP3,SMTO3,SNSL3,SPRI6,STBP3,SPRI6,RAPT4,RENT3,SHUL4,SOMA3,TCSA3,WIZC3
LFFE4,MERC4,MNPR4,MYPK3,PITI4,PRGA4,POMO3,MTSA4,PCAR4,PNVL3,PEAB3,PMET5,RAPT4,RSIP3,SCAR3,SCAR3,SNSL3,SOND3,SSBR3,SULA3,SQIA3,RCSL3,ROMI3,SIMH3,SOND3,TECN3,WLMM3
LIAS4,MGEL4,MNSA3,MYPK4,PLDN4,PSSA3,POMO4,MULT3,PDGR3,PNVL4,PEAB4,PMET6,RCSL3,RSIP4,SEER3,SEDU3,SOND5,SOND5,STBP3,SULA4,STBP3,RCSL4,RPAD3,SLCE3,SOND5,TELB3,WLMM4
LIGH3,MLCF3,MNSA4,NORD3,PLIM4,PTBL3,POSI3,MWET3,PEAB3,POMO3,PETR3,PNOR5,RCSL4,RSUL4,SFSA4,SEER3,SOND6,SOND6,SULA3,SUZB3,SULA3,RDNI3,RPAD5,SMFT3,SOND6,TELB4,YDUQ3
LIPR3,MLCF4,MOAR3,OSAO4,PLTO5,PTBL4,PQUN3,MWET4,PEAB4,POMO4,PETR4,PNOR6,RDCD3,SANB3,SGAS3,SFSA4,SPRI3,SPRI3,SULA4,TAEE3,SULA4,RDOR3,RPAD6,SMTO3,SRNA3,TEND3,
LITS3,MLFT4,MRSL4,PALF3,PLTO6,PTIP3,PQUN4,MYPK3,PEFX3,POSI3,PFRM3,PNVL3,RDNI3,SANB4,SGAS4,SGAS3,SPRI5,SPRI5,SUZB3,TAEE4,SUZB3,RECV3,RRRP3,SNSY3,STBP3,TFCO4,
LITS4,MLPA4,MSAN3,PALF5,PMAM3,PTIP4,PRGA3,MYPK4,PEFX5,PRBC4,PINE4,PNVL4,RDTR3,SAPR3,SGPS3,SGAS4,SPRI6,SSBR3,TAEE3,TASA3,TAEE3,REDE3,RSID3,SNSY5,SUZB3,TGMA3,
LIXC3,MMAQ4,MSAN4,PATI3,PMAM4,PTNT3,PRGA4,NATU3,PETR3,PRGA3,PLAS3,POMO3,REDE3,SAPR4,SHOW3,SGPS3,SSBR3,STBP3,TAEE4,TASA4,TAEE4,RENT3,RSUL4,SOJA3,SYNE3,TIMS3,
LIXC4,MNPR4,MSTR5,PATI4,PNOR5,PTNT4,PSSA3,NETC3,PETR4,PRVI3,PMAM3,POMO4,REDE4,SBSP3,SHUL4,SHOW3,STBP3,SULA3,TCSA3,TCSA3,TASA3,RLOG3,SANB3,SOMA3,TAEE3,TKNO3,
LREN4,MNSA3,MTBR3,PCAR4,PNOR6,PTPA4,PTBL3,NETC4,PFRM3,PSSA3,PMAM4,POSI3,REEM4,SCAR3,SLCE3,SHUL3,SUZB5,SULA4,TECN3,TECN3,TASA4,ROMI3,SANB4,SOND5,TAEE4,TKNO4,
LUXM4,MNSA4,MTBR4,PEAB3,PNVL3,PTQS4,PTBL4,ODPV3,PINE4,PTBL3,PMET5,PRBC4,RENT3,SEER3,SLED3,SHUL4,SWET3,SUZB3,TELB3,TELB3,TCSA3,RPAD3,SAPR3,SOND6,TASA3,TOKY3,
MAGS3,MOAR3,MTSA4,PEAB4,PNVL4,RANI3,PTIP3,OHLB3,PLAS3,PTNT3,PMET6,PRTX3,RHDS3,SFSA4,SLED4,SLCE3,TBLE3,SUZB5,TELB4,TELB4,TECN3,RPAD5,SAPR4,SQIA3,TASA4,TOTS3,
MAGS5,MRSL4,MWET3,PEFX3,POMO3,RANI4,PTIP4,PATI3,PMAM3,PTNT4,PNOR5,PRVI3,RJCP3,SGAS3,SMLE3,SLED3,TCSA3,TAEE3,TEND3,TEND3,TELB3,RPAD6,SBFG3,SRNA3,TCSA3,TPIS3,
MAGS7,MSAN3,MWET4,PEFX5,POMO4,RAPT3,PTNT4,PATI4,PMAM4,PTPA3,PNOR6,PSSA3,RNAR3,SGAS4,SMTO3,SLED4,TECN3,TAEE4,TESA3,TESA3,TELB4,RRRP3,SBSP3,STBP3,TECN3,TRAD3,
MAHS3,MSAN4,MYPK3,PETR3,POPR4,RAPT4,PTPA4,PCAR3,PMET6,PTPA4,PNVL3,PTBL3,ROMI3,SGEN4,SNSL3,SMLE3,TELB3,TCSA3,TGMA3,TGMA3,TEND3,RSID3,SCAR3,SUZB3,TELB3,TRIS3,
MAHS4,MSPA3,MYPK4,PETR4,PORP4,RCSL3,PTQS4,PCAR4,PNOR5,RANI3,PNVL4,PTNT3,RPAD3,SGPS3,SOND3,SMTO3,TELB4,TECN3,TIET3,TIET3,TESA3,RSUL4,SEER3,SYNE3,TELB4,TTEN3,
MAKR3,MSTR5,NAFG4,PITI4,PQUN3,RCSL4,RANI3,PDGR3,PNOR6,RANI4,POMO3,PTNT4,RPAD5,SHOW3,SOND5,SNSL3,TEMP3,TELB3,TIET4,TIET4,TFCO4,SANB3,SEQL3,TAEE3,TEND3,TUPY3,
MANM3,MSTR6,NORD3,PIUM4,PQUN4,REEM4,RANI4,PEAB3,PNVL3,RAPT3,POMO4,PTPA4,RPAD6,SHUL4,SOND6,SOND5,TENE5,TELB4,TIMP3,TIMP3,TGMA3,SANB4,SGPS3,TAEE4,TFCO4,UCAS3,
MANM4,MTBR3,OSAO4,PLDN4,PRGA3,RENT3,RAPT3,PEAB4,PNVL4,RAPT4,POSI3,QGEP3,RPMG3,SLCE3,SPRI3,SOND6,TENE7,TEND3,TKNO4,TKNO4,TIET3,SAPR3,SHOW3,TASA3,TGMA3,UGPA3,
MAPT3,MTBR4,OXIT3,PLIM4,PRGA4,RGEG3,RAPT4,PEFX3,POMO3,RCSL3,PRBC4,QUAL3,RPMG4,SLED3,SPRI5,SPRI3,TERI3,TESA3,TOTS3,TOTS3,TIET4,SAPR4,SHUL3,TASA4,TIMS3,UNIP3,
MAPT4,MTIG3,OXIT4,PLTO5,PSSA3,RHDS3,RCSL3,PEFX5,POMO4,RCSL4,PRTX3,RADL3,RSID3,SLED4,SPRI6,SPRI5,TESA3,TGMA3,TOYB3,TOYB3,TIMP3,SBFG3,SHUL4,TCSA3,TKNO3,UNIP5,
MERC3,MTIG4,PALF3,PLTO6,PTBL3,RIPI3,RCSL4,PETR3,POSI3,RDCD3,PRVI3,RAIA3,RSIP3,SMLE3,SSBR3,SPRI6,TGMA3,TIET3,TOYB4,TOYB4,TIMS3,SBSP3,SIMH3,TECN3,TKNO4,UNIP6,
MERC4,MTSA4,PALF5,PMAM3,PTBL4,RIPI4,REDE3,PETR4,PQUN3,RDNI3,PSSA3,RANI3,RSIP4,SMTO3,SULT3,SSBR3,TIET3,TIET4,TRIS3,TRIS3,TKNO4,SCAR3,SLCE3,TELB3,TOTS3,USIM3,
MFLU3,MWET3,PATI3,PMAM4,PTIP3,RNAR3,REDE4,PFRM3,PQUN4,REDE3,PTBL3,RANI4,RSUL4,SOND5,SULT4,SULT3,TIET4,TIMP3,TRPL3,TRPL3,TOTS3,SEER3,SMFT3,TELB4,TPIS3,USIM5,
MGEL4,MWET4,PATI4,PNOR5,PTIP4,RNPT3,REEM4,PINE4,PRBC4,REDE4,PTNT3,RAPT3,SANB3,SOND6,SUZB5,SULT4,TIMP3,TKNO4,TRPL4,TRPL4,TPIS3,SEQL3,SMTO3,TEND3,TRAD3,USIM6,
MLCF3,MYPK3,PCAR3,PNOR6,PTNT4,RNPT4,RENT3,PLAS3,PRGA3,REEM4,PTNT4,RAPT4,SANB4,SPRI3,SUZB6,SUZB5,TKNO4,TOTS3,TRPN3,TRPN3,TRIS3,SGPS3,SNSY3,TFCO4,TRIS3,VALE3,
MLCF4,MYPK4,PCAR4,PNVL3,PTPA4,ROMI3,RGEG3,PLAS4,PRVI3,RENT3,PTPA4,RCSL3,SAPR4,SPRI5,TBLE3,SUZB6,TOTS3,TOYB3,TUPY3,TUPY3,TRPL3,SHOW3,SNSY5,TGMA3,TRPL3,VAMO3,
MLFT3,NAFG4,PEAB4,PNVL4,PTQS4,ROMI4,RHDS3,PLTO5,PSSA3,RHDS3,RAIA3,RCSL4,SBSP3,SPRI6,TCSA3,SWET3,TOYB3,TOYB4,TXRX3,TXRX4,TRPL4,SHUL3,SOJA3,TIMS3,TRPL4,VBBR3,
MLFT4,NEMO4,PEFX3,POMO3,PVLT3,RPAD3,RIPI3,PLTO6,PTBL3,RNAR3,RANI3,RDCD3,SCAR3,SSBR3,TECN3,TBLE3,TOYB4,TPIS3,TXRX4,UCAS3,TUPY3,SHUL4,SOMA3,TKNO4,TTEN3,VITT3,
MLPA4,NORD3,PEFX5,POMO4,RANI3,RPAD5,RIPI4,PMAM3,PTBL4,RNPT3,RANI4,RDNI3,SFSA4,SULT3,TELB3,TCSA3,TPIS3,TRIS3,UCAS3,UGPA3,UCAS3,SIMH3,SOND3,TOTS3,TUPY3,VIVA3,
MNPR4,OSAO4,PETR3,POPR4,RANI4,RPAD6,RNAR3,PMAM4,PTIP3,RNPT4,RAPT3,RDTR3,SGAS3,SULT4,TELB4,TECN3,TRIS3,TRPL3,UGPA3,UNIP3,UGPA3,SLCE3,SOND5,TPIS3,UCAS3,VIVR3,
MNSA3,OXIT3,PETR4,PORP4,RAPT3,RPMG3,RNPT3,PNOR5,PTIP4,ROMI3,RAPT4,REDE3,SGAS4,SUZB5,TEMP3,TELB3,TRPL3,TRPL4,UNIP3,UNIP5,UNIP3,SMFT3,SOND6,TRAD3,UGPA3,VIVT3,
MNSA4,OXIT4,PITI4,PQUN3,RAPT4,RPMG4,RNPT4,PNOR6,PTNT3,RPAD3,RCSL3,REDE4,SGEN4,SUZB6,TENE5,TELB4,TRPL4,TRPN3,UNIP5,UNIP6,UNIP5,SMLS3,SQIA3,TRIS3,UNIP3,VLID3,
MOAR3,PALF3,PIUM3,PQUN4,RCSL4,RPSA4,ROMI3,PNVL3,PTNT4,RPAD5,RCSL4,REEM4,SGPS3,TBLE3,TENE7,TEMP3,TRPN3,TUPY3,UNIP6,USIM3,UNIP6,SMTO3,STBP3,TRPL3,UNIP5,VSTE3,
MROE4,PALF5,PIUM4,PRGA3,REEM4,RSID3,ROMI4,PNVL4,PTPA3,RPAD6,RDCD3,RENT3,SHOW3,TCSA3,TERI3,TENE5,TUPY3,TXRX3,USIM3,USIM5,USIM3,SNSY3,SULA3,TRPL4,UNIP6,VTRU3,
MRSL4,PATI3,PLDN4,PRGA4,REPA4,RSIP3,RPAD3,POMO3,PTPA4,RSID3,RDNI3,RHDS3,SHUL4,TECN3,TGMA3,TENE7,TXRX3,TXRX4,USIM5,USIM6,USIM5,SNSY5,SULA4,TTEN3,USIM3,VULC3,
MSAN3,PATI4,PLIM4,PTBL3,RGEG3,RSIP4,RPAD5,POMO4,RANI3,RSIP3,RDTR3,RJCP3,SLCE3,TELB3,TIBR5,TERI3,TXRX4,UCAS3,USIM6,VALE3,USIM6,SOJA3,SUZB3,TUPY3,USIM5,VVEO3,
MSAN4,PCAR3,PLTO6,PTBL4,RHDS3,RSUL4,RPAD6,POSI3,RANI4,RSIP4,REDE3,RNAR3,SLED3,TELB4,TIBR6,TGMA3,UCAS3,UGPA3,VALE3,VIVA3,VALE3,SOMA3,SYNE3,UCAS3,USIM6,WDCN3,
MSTR5,PCAR4,PMAM3,PTIP3,RIPI3,SALM3,RPMG3,PQUN3,RAPT3,RSUL4,REDE4,ROMI3,SLED4,TEMP3,TIMP3,TIBR5,UGPA3,UNIP3,VIVT3,VIVT3,VIVA3,SOND3,TAEE3,UGPA3,VALE3,WEGE3,
MTBR3,PEAB3,PMAM4,PTIP4,RIPI4,SALM4,RPMG4,PQUN4,RAPT4,SANB3,REEM4,RPAD3,SMTO3,TENE5,TKNO4,TIBR6,UNIP3,UNIP5,VIVT4,VIVT4,VIVT3,SOND5,TAEE4,UNIP3,VAMO3,WEST3,
MTBR4,PEAB4,PNOR5,PTNT4,RNPT4,SAPR4,RPSA4,PRBC4,RCSL3,SANB4,RENT3,RPAD5,SOND3,TENE7,TOTS3,TIMP3,UNIP5,UNIP6,VLID3,VLID3,VIVT4,SOND6,TASA3,UNIP5,VBBR3,WHRL3,
MTPS3,PEFX3,PNOR6,PTPA4,ROMI3,SASG3,RSID3,PRGA3,RCSL4,SAPR4,RHDS3,RPAD6,SOND5,TERI3,TOYB3,TKNO4,UNIP6,USIM3,VULC3,VULC3,VLID3,SQIA3,TASA4,UNIP6,VITT3,WHRL4,
MTPS4,PEFX5,PNVL3,PTQS3,ROMI4,SBSP3,RSIP3,PRVI3,RDCD3,SATI3,RNAR3,RPMG3,SOND6,TGMA3,TOYB4,TOTS3,USIM3,USIM5,VVAR3,VVAR3,VULC3,STBP3,TCSA3,USIM3,VIVA3,WIZC3,
MTSA4,PETR3,PNVL4,PTQS4,RPAD3,SCAR3,RSIP4,PSSA3,RDNI3,SBSP3,ROMI3,RPMG4,SPRI3,TIBR5,TPIS3,TOYB3,USIM5,USIM6,VVAR4,WEGE3,VVAR3,SULA3,TECN3,USIM5,VIVR3,WLMM3,
MWET3,PETR4,POMO3,PVFS3,RPAD5,SCAR4,RSUL4,PTBL3,REDE3,SCAR3,RPAD3,RSID3,SPRI5,TIBR6,TRIS3,TOYB4,USIM6,VALE3,WEGE3,WHRL3,WEGE3,SULA4,TELB3,USIM6,VIVT3,WLMM4,
MWET4,PITI4,POMO4,PVFS4,RPAD6,SCLO3,SAPR4,PTBL4,REDE4,SCLO4,RPAD5,RSIP3,SPRI6,TIMP3,TRPL3,TPIS3,VAGR3,VALE5,WHRL3,WHRL4,WHRL3,SUZB3,TELB4,VALE3,VLID3,YDUQ3,
MYPK3,PLDN4,POPR4,PVLT3,RPMG3,SCLO4,SASG3,PTIP3,REEM4,SDIA3,RPAD6,RSIP4,SSBR3,TKNO4,TRPL4,TRIS3,VALE3,VIVT3,WHRL4,WIZS3,WHRL4,SYNE3,TEND3,VAMO3,VSTE3,ZAMP3,
MYPK4,PLIM4,PORP4,PVPR3,RPMG4,SDIA3,SBSP3,PTIP4,RENT3,SDIA4,RSID3,RSUL4,SULT3,TNCP3,TRPN3,TRPL3,VALE5,VIVT4,WIZS3,WLMM3,WIZS3,TAEE3,TFCO4,VBBR3,VTRU3,,
NAFG3,PLTO5,PPAR3,PVPR4,RPSA4,SDIA4,SCAR3,PTNT3,RGEG3,SFSA4,RSIP3,SANB3,SULT4,TOTS3,TUPY3,TRPL4,VIGR3,VLID3,WLMM3,WLMM4,WLMM3,TAEE4,TGMA3,VIIA3,VULC3,,
NAFG4,PLTO6,PQUN3,RANI3,RSID3,SEMP3,SCAR4,PTNT4,RHDS3,SGAS3,RSIP4,SANB4,SUZB5,TOYB3,UCAS3,TRPN3,VIVR3,VULC3,WLMM4,YDUQ3,WLMM4,TASA3,TIMS3,VITT3,VVEO3,,
NEMO4,PMAM3,PQUN4,RANI4,RSIP3,SGAS3,SCLO4,PTPA3,RIPI3,SGAS4,RSUL4,SAPR4,SUZB6,TOYB4,UGPA3,TUPY3,VIVT3,VVAR3,,,YDUQ3,TASA4,TKNO4,VIVA3,WEGE3,,
NORD3,PMAM4,PRBN4,RAPT3,RSIP4,SGAS4,SDIA3,PTPA4,RIPI4,SGEN4,SANB3,SBSP3,TAMM3,TPIS3,UNIP3,TXRX3,VIVT4,VVAR4,,,,TCSA3,TOTS3,VIVR3,WEST3,,
NOVA4,PNOR5,PRGA3,RAPT4,RSUL4,SGEN3,SDIA4,RANI3,RNAR3,SGPS3,SANB4,SCAR3,TAMM4,TRIS3,UNIP5,TXRX4,VLID3,WEGE3,,,,TECN3,TPIS3,VIVT3,WHRL3,,
ODBE3,PNOR6,PRGA4,RCSL3,SALM3,SGEN4,SEMP3,RANI4,RNPT3,SHUL4,SAPR4,SCLO3,TBLE3,TRPL3,UNIP6,UCAS3,VSPT3,WHRL3,,,,TELB3,TRAD3,VLID3,WHRL4,,
ODBE4,PNVL3,PTBL3,RCSL4,SALM4,SHUL4,SGAS3,RAPT3,RNPT4,SJOS3,SBSP3,SCLO4,TCNO3,TRPL4,USIM3,UGPA3,VTLM3,WHRL4,,,,TELB4,TRIS3,VSTE3,WIZC3,,
ORIO4,PNVL4,PTBL4,REEM4,SAPR4,SJOS4,SGAS4,RAPT4,ROMI3,SJOS4,SCAR3,SFSA4,TCNO4,TRPN3,USIM5,UNIP3,VULC3,WIZS3,,,,TEND3,TRPL3,VULC3,WLMM3,,
OSAO4,POLA3,PTIP3,REPA3,SASG3,SLCP3,SGEN3,RDCD3,RPAD3,SLCE3,SCLO3,SGAS3,TCSA3,TUPY3,USIM6,UNIP5,VVAR3,WLMM3,,,,TESA3,TRPL4,VVEO3,WLMM4,,
OXIT3,POLA4,PTIP4,REPA4,SBSP3,SLED3,SGEN4,RDNI3,RPAD5,SLED3,SCLO4,SGAS4,TECN3,TUPY4,VAGR3,UNIP6,VVAR4,WLMM4,,,,TFCO4,TTEN3,WEGE3,YDUQ3,,
OXIT4,POMO3,PTNT4,RGEG3,SCAR3,SLED4,SHUL4,REDE3,RPAD6,SLED4,SFSA4,SGEN3,TEKA3,UCAS3,VALE3,USIM3,WEGE3,,,,,TGMA3,TUPY3,WEST3,ZAMP3,,
PALF3,POMO4,PTPA4,RHDS3,SCAR4,SNSY3,SJOS4,REDE4,RPMG3,SMTO3,SGAS3,SGEN4,TEKA4,UGPA3,VALE5,USIM5,WHRL3,,,,,TIET3,UCAS3,WHRL3,,,
PALF5,POPR4,PTQS3,RHDS4,SCLO3,SNSY5,SLED3,REEM4,RPMG4,SOND3,SGAS4,SGPS3,TELB3,UNIP3,VIGR3,USIM6,WHRL4,,,,,TIET4,UGPA3,WHRL4,,,
PALF7,PORP4,PTQS4,RIPI3,SCLO4,SOND3,SLED4,RENT3,RSID3,SOND5,SGEN3,SHOW3,TELB4,UNIP5,VIVR3,VAGR3,,,,,,TIMS3,UNIP3,WIZC3,,,
PATI4,PQUN3,PVFS3,RIPI4,SDIA3,SOND5,SOND5,RGEG3,RSIP3,SOND6,SGEN4,SHUL4,TEMP3,UNIP6,VIVT3,VALE3,,,,,,TKNO4,UNIP5,WIZS3,,,
PCAR3,PQUN4,PVFS4,RNPT3,SDIA4,SOND6,SOND6,RHDS3,RSIP4,SPRI3,SGPS3,SLCE3,TENE5,USIM3,VIVT4,VALE5,,,,,,TOTS3,UNIP6,WLMM3,,,
PCAR4,PRBN3,PVLT3,RNPT4,SEMP3,SPRI3,SPRI3,RHDS4,RSUL4,SPRI5,SHUL4,SLED3,TENE7,USIM5,VLID3,VIGR3,,,,,,TPIS3,USIM3,WLMM4,,,
PEFX3,PRBN4,PVPR3,ROMI3,SGAS3,SPRI5,SPRI5,RIPI3,SANB3,SPRI6,SJOS3,SLED4,TERI3,USIM6,VULC3,VIVR3,,,,,,TRAD3,USIM5,YBRA4,,,
PEFX5,PRGA3,PVPR4,ROMI4,SGAS4,SPRI6,SPRI6,RIPI4,SANB4,STLB3,SJOS4,SMTO3,TGMA3,VAGR3,VVAR3,VIVT3,,,,,,TRIS3,USIM6,YDUQ3,,,
PETR3,PRGA4,RANI3,RPAD3,SGEN3,SUBA3,SUBA3,RNAR3,SAPR4,SULT3,SLCE3,SOND3,TIBR5,VALE3,WEGE3,VIVT4,,,,,,TRPL3,VALE3,ZAMP3,,,
PETR4,PTBL3,RANI4,RPAD5,SGEN4,SULT3,SULT3,RNPT3,SASG3,SULT4,SLED3,SOND5,TIBR6,VALE5,WHRL3,VLID3,,,,,,TRPL4,VAMO3,,,,
PIJU3,PTBL4,RAPT3,RPAD6,SHUL4,SULT4,SULT4,RNPT4,SATI3,SUZB5,SLED4,SOND6,TIMP3,VIGR3,WHRL4,VULC3,,,,,,TTEN3,VBBR3,,,,
PIPN3,PTIP3,RAPT4,RPMG3,SIFC3,SUZB5,SUZB5,ROMI3,SBSP3,SUZB6,SMTO3,SPRI3,TKNO3,VINE3,,VVAR3,,,,,,TUPY3,VIIA3,,,,
PIPN4,PTIP4,RCSL3,RPMG4,SIFC4,SUZB6,SUZB6,ROMI4,SCAR3,SZPQ4,SOND3,SPRI5,TKNO4,VINE5,,VVAR4,,,,,,UCAS3,VITT3,,,,
PIRE3,PTNT3,RCSL4,RPSA4,SJOS4,SZPQ4,SZPQ4,RPAD3,SCLO4,TAMM3,SOND5,SPRI6,TMAR3,VINE6,,WEGE3,,,,,,UGPA3,VIVA3,,,,
PIRE4,PTNT4,REEM4,RSID3,SLCP3,TAMM3,TAMM3,RPAD5,SDIA3,TAMM4,SOND6,SSBR3,TMAR5,VIVR3,,WHRL3,,,,,,UNIP3,VIVR3,,,,
PIUM3,PTPA4,REPA3,RSIP3,SLED3,TAMM4,TAMM4,RPAD6,SDIA4,TBLE3,SPRI3,STLB3,TMAR6,VIVT3,,WHRL4,,,,,,UNIP5,VIVT3,,,,
PIUM4,PTQS3,REPA4,RSIP4,SLED4,TANC4,TBLE3,RPMG3,SEMP3,TCNO3,SPRI5,SULT3,TNCP3,VIVT4,,,,,,,,UNIP6,VLID3,,,,
PLDN4,PTQS4,RGEG3,RSUL4,SNSY3,TBLE3,TCNO3,RPMG4,SFSA4,TCNO4,SPRI6,SULT4,TNCP4,VLID3,,,,,,,,USIM3,VULC3,,,,
PLIM3,PVFS3,RHDS3,SALM3,SNSY5,TBLE5,TCNO4,RSID3,SGAS3,TCSA3,STLB3,SUZB5,TNLP3,VSPT3,,,,,,,,USIM5,VVEO3,,,,
PLIM4,PVFS4,RHER3,SALM4,SOND3,TBLE6,TCOC3,RSIP3,SGAS4,TCSL3,SULT3,SZPQ4,TNLP4,VULC3,,,,,,,,USIM6,WEGE3,,,,
PLTO5,PVLT3,RHER4,SAPR4,SOND5,TCNO3,TCOC4,RSIP4,SGEN3,TCSL4,SULT4,TAMM3,TOTS3,VVAR3,,,,,,,,VALE3,WEST3,,,,
PLTO6,PVPR3,RIPI3,SASG3,SOND6,TCNO4,TCSL3,RSUL4,SGEN4,TEKA3,SUZB5,TAMM4,TOYB3,WEGE3,,,,,,,,VAMO3,WHRL3,,,,
PMAM3,PVPR4,RIPI4,SBSP3,SPRI3,TCOC3,TCSL4,SANB3,SGPS3,TEKA4,SUZB6,TBLE3,TOYB4,WHRL3,,,,,,,,VBBR3,WHRL4,,,,
PMAM4,PXEC4,RNPT3,SCAR3,SPRI5,TCOC4,TDBH3,SANB4,SHUL4,TELB3,SZPQ4,TCNO3,TPIS3,WHRL4,,,,,,,,VIIA3,WIZS3,,,,
PNOR5,RANI3,RNPT4,SCAR4,SPRI6,TCSL3,TDBH4,SAPR4,SJOS3,TELB4,TAMM3,TCNO4,TRIS3,,,,,,,,,VITT3,WLMM3,,,,
PNOR6,RANI4,ROMI3,SCLO3,SULT3,TCSL4,TEKA3,SASG3,SJOS4,TEMP3,TAMM4,TCSA3,TRPL3,,,,,,,,,VIVA3,WLMM4,,,,
PNVL3,RAPT3,ROMI4,SCLO4,SULT4,TDBH3,TEKA4,SATI3,SLCE3,TEND3,TBLE3,TCSL3,TRPL4,,,,,,,,,VIVR3,YDUQ3,,,,
PNVL4,RAPT4,ROSI3,SDIA3,SUZA4,TDBH4,TELB3,SBSP3,SLED3,TENE5,TCNO3,TCSL4,TRPN3,,,,,,,,,VIVT3,ZAMP3,,,,
POLA3,RCLL4,ROSI4,SDIA4,SUZB5,TEKA3,TELB4,SCAR3,SLED4,TENE7,TCNO4,TECN3,TUPY3,,,,,,,,,VLID3,,,,,
POLA4,RCSL4,RPAD3,SEMP3,SUZB6,TEKA4,TENE5,SCLO3,SMTO3,TGMA3,TCSA3,TEKA3,TUPY4,,,,,,,,,VULC3,,,,,
POPR4,REEM4,RPAD5,SGAS3,SZPQ4,TELB3,TENE7,SCLO4,SOND3,TIBR3,TCSL3,TEKA4,UCAS3,,,,,,,,,VVAR3,,,,,
PORP4,REPA3,RPAD6,SGAS4,TANC4,TELB4,TIBR5,SDIA3,SOND5,TIBR5,TCSL4,TELB3,UCOP4,,,,,,,,,VVEO3,,,,,
PQUN3,REPA4,RPMG3,SGEN4,TBLE3,TENE5,TIBR6,SDIA4,SOND6,TIBR6,TEKA3,TELB4,UGPA3,,,,,,,,,WEGE3,,,,,
PQUN4,RGEG3,RPMG4,SHUL4,TBLE5,TIBR5,TKNO4,SEMP3,SPRI3,TKNO4,TEKA4,TEMP3,UNIP3,,,,,,,,,WEST3,,,,,
PRBN3,RHDS3,RPSA4,SIFC3,TBLE6,TIBR6,TLCP3,SFSA4,SPRI5,TLPP3,TELB3,TENE5,UNIP5,,,,,,,,,WHRL3,,,,,
PRBN4,RHDS4,RSID3,SIFC4,TCHN3,TKNO4,TLCP4,SGAS3,SPRI6,TLPP4,TELB4,TENE7,UNIP6,,,,,,,,,WHRL4,,,,,
PREQ3,RHER3,RSIP3,SJOS4,TCHN4,TLCP3,TLPP3,SGAS4,SULT3,TMAR3,TEMP3,TERI3,UOLL4,,,,,,,,,WIZS3,,,,,
PREQ4,RHER4,RSIP4,SLAE3,TCNO3,TLCP4,TLPP4,SGEN3,SULT4,TMAR5,TEND3,TGMA3,USIM3,,,,,,,,,WLMM3,,,,,
PRGA3,RIPI3,RSUL4,SLCP3,TCNO4,TLPP3,TMAR3,SGEN4,SUZB5,TMAR6,TENE5,TIBR5,USIM5,,,,,,,,,WLMM4,,,,,
PRGA4,RIPI4,SALM3,SLED3,TCOC3,TLPP4,TMAR5,SGPS3,SZPQ4,TMCP3,TENE7,TIBR6,USIM6,,,,,,,,,YDUQ3,,,,,
PTIP3,RNPT3,SALM4,SLED4,TCOC4,TMAR3,TMAR6,SHUL4,TAMM3,TMCP4,TERI3,TIMP3,VAGR3,,,,,,,,,,,,,,
PTIP4,RNPT4,SAPR4,SNSY5,TCSL3,TMAR5,TMCP3,SJOS3,TAMM4,TMGC3,TGMA3,TKNO4,VALE3,,,,,,,,,,,,,,
PTNT3,ROMI3,SASG3,SOLO4,TCSL4,TMAR6,TMCP4,SJOS4,TBLE3,TMGC7,TIBR3,TLPP3,VALE5,,,,,,,,,,,,,,
PTNT4,ROMI4,SBSP3,SOND5,TDBH3,TMCP3,TMGC3,SLCE3,TCNO3,TNCP3,TIBR5,TLPP4,VIGR3,,,,,,,,,,,,,,
PTPA4,ROSI4,SCAR3,SOND6,TDBH4,TMCP4,TMGC6,SLED3,TCNO4,TNCP4,TIBR6,TMAR3,VINE3,,,,,,,,,,,,,,
PTQS4,RPAD3,SCAR4,SPRI3,TEKA3,TMGC3,TMGC7,SLED4,TCSA3,TNLP3,TKNO3,TMAR5,VINE5,,,,,,,,,,,,,,
PVLT3,RPAD5,SCLO4,SPRI5,TEKA4,TMGC6,TNCP3,SMTO3,TCSL3,TNLP4,TKNO4,TMAR6,VIVR3,,,,,,,,,,,,,,
PVPR3,RPAD6,SDIA3,SPRI6,TELB3,TMGC7,TNCP4,SOND3,TCSL4,TOTS3,TLPP3,TNCP3,VIVT3,,,,,,,,,,,,,,
PVPR4,RPMG3,SDIA4,SULT3,TELB4,TNCP3,TNLP3,SOND5,TEKA3,TOYB3,TLPP4,TNCP4,VIVT4,,,,,,,,,,,,,,
PXEC4,RPMG4,SEMP3,SULT4,TENE5,TNCP4,TNLP4,SOND6,TEKA4,TOYB4,TMAR3,TNLP3,VLID3,,,,,,,,,,,,,,
RANI3,RPSA4,SGAS3,SUZA4,TIBR3,TNLP3,TOTS3,SPRI3,TELB3,TPIS3,TMAR5,TNLP4,VSPT3,,,,,,,,,,,,,,
RANI4,RSID3,SGAS4,SZPQ4,TIBR5,TNLP4,TOYB3,SPRI5,TELB4,TRFO3,TMAR6,TOTS3,VULC3,,,,,,,,,,,,,,
RCPR3,RSIP3,SGEN4,TANC4,TIBR6,TOYB3,TOYB4,SPRI6,TEMP3,TRFO4,TNCP3,TOYB3,VVAR3,,,,,,,,,,,,,,
RCPR6,RSIP4,SHUL4,TBLE3,TKNO4,TOYB4,TRFO3,SUBA3,TEND3,TRIS3,TNCP4,TOYB4,WEGE3,,,,,,,,,,,,,,
RCPR8,RSUL4,SIBR7,TBLE5,TLCP3,TPRC3,TRFO4,SULT3,TENE5,TROR4,TNLP3,TPIS3,WHRL3,,,,,,,,,,,,,,
RCSL3,SALM3,SIFC4,TBLE6,TLCP4,TPRC6,TROR4,SULT4,TENE7,TRPL3,TNLP4,TRIS3,WHRL4,,,,,,,,,,,,,,
RCSL4,SALM4,SJOS3,TCHN3,TLPP3,TRFO3,TRPL3,SUZB5,TGMA3,TRPL4,TOTS3,TRPL3,WISA3,,,,,,,,,,,,,,
REAL3,SANO3,SJOS4,TCHN4,TLPP4,TRFO4,TRPL4,SUZB6,TIBR3,TRPN3,TOYB3,TRPL4,WISA4,,,,,,,,,,,,,,
REAL4,SANO4,SLAL3,TCNO3,TMAR3,TROR4,TSEP3,SZPQ4,TIBR5,TUPY3,TOYB4,TRPN3,,,,,,,,,,,,,,,
RECF3,SASG3,SLAL4,TCNO4,TMAR5,TRPL3,TSEP4,TAMM3,TIBR6,TUPY4,TPIS3,TUPY3,,,,,,,,,,,,,,,
RECF4,SBSP3,SLCP3,TCOC3,TMAR6,TRPL4,TSPP3,TAMM4,TKNO3,TVIT3,TRFO4,TUPY4,,,,,,,,,,,,,,,
REEM4,SCAR3,SLED4,TCOC4,TMCP3,TSEP3,TSPP4,TBLE3,TKNO4,TXRX3,TRIS3,TVIT3,,,,,,,,,,,,,,,
REPA3,SCAR4,SLED6,TCSL3,TMCP4,TSEP4,TUPY3,TCNO3,TLPP3,TXRX4,TROR4,UCOP4,,,,,,,,,,,,,,,
REPA4,SCLO3,SNSY3,TCSL4,TMGC3,TSPP3,TUPY4,TCNO4,TLPP4,UBBR3,TRPL3,UGPA3,,,,,,,,,,,,,,,
RGEG3,SCLO4,SNSY5,TDBH3,TMGC7,TSPP4,TXRX4,TCSA3,TMAR3,UBBR4,TRPL4,UGPA4,,,,,,,,,,,,,,,
RHDS3,SDIA3,SOLO3,TDBH4,TNCP3,TUPY3,UBBR3,TCSL3,TMAR5,UCOP4,TRPN3,UNIP3,,,,,,,,,,,,,,,
RHER3,SDIA4,SOLO4,TEKA3,TNCP4,TUPY4,UBBR4,TCSL4,TMAR6,UGPA4,TUPY3,UNIP5,,,,,,,,,,,,,,,
RHER4,SEMP3,SOND3,TEKA4,TNEP3,TXRX3,UCOP4,TEKA3,TMCP3,UNIP3,TUPY4,UNIP6,,,,,,,,,,,,,,,
RHPR3,SGAS3,SOND5,TELB3,TNEP4,TXRX4,UGPA4,TEKA4,TMCP4,UNIP5,TVIT3,UOLL4,,,,,,,,,,,,,,,
RHPR4,SGAS4,SOND6,TELB4,TNLP3,UBBR3,UNIP3,TELB3,TMGC3,UNIP6,TXRX3,USIM3,,,,,,,,,,,,,,,
RIPI3,SGEN3,SPRI3,TENE5,TNLP4,UBBR4,UNIP5,TELB4,TMGC7,UOLL4,TXRX4,USIM5,,,,,,,,,,,,,,,
RIPI4,SGEN4,SPRI5,TIBR3,TOYB3,UBHD3,UNIP6,TEMP3,TNCP3,USIM3,UCOP4,USIM6,,,,,,,,,,,,,,,
RNPT3,SHUL4,SPRI6,TIBR5,TOYB4,UCOP4,UOLL4,TEND3,TNCP4,USIM5,UGPA3,VAGR3,,,,,,,,,,,,,,,
RNPT4,SIBR7,STED3,TIBR6,TOYB5,UGPA4,USIM3,TENE5,TNLP3,USIM6,UGPA4,VALE3,,,,,,,,,,,,,,,
ROMI3,SIFC3,STED4,TKNO4,TPRC3,UNIP3,USIM5,TENE7,TNLP4,VAGV3,UNIP3,VALE5,,,,,,,,,,,,,,,
ROMI4,SIFC4,SULT3,TLCP3,TPRC6,UNIP5,USIM6,TGMA3,TOTS3,VAGV4,UNIP5,VINE3,,,,,,,,,,,,,,,
ROSI4,SJOS4,SULT4,TLCP4,TRFO3,UNIP6,VALE3,TIBR3,TOYB3,VALE3,UNIP6,VINE5,,,,,,,,,,,,,,,
RPAD3,SLAL3,SUZA4,TLPP3,TRFO4,UOLL4,VALE5,TIBR5,TOYB4,VALE5,UOLL4,VINE6,,,,,,,,,,,,,,,
RPAD5,SLAL4,SZPQ4,TLPP4,TROR4,USIM3,VCPA4,TIBR6,TPIS3,VCPA3,USIM3,VIVO3,,,,,,,,,,,,,,,
RPAD6,SLCP3,TBAS4,TMAR3,TRPL3,USIM5,VGOR4,TKNO3,TRFO3,VCPA4,USIM5,VIVO4,,,,,,,,,,,,,,,
RPMG3,SLED3,TBLE3,TMAR5,TRPL4,USIM6,VINE3,TKNO4,TRFO4,VGOR4,USIM6,VIVR3,,,,,,,,,,,,,,,
RPMG4,SLED5,TBLE5,TMAR6,TSEP3,VAGV3,VINE5,TLPP3,TRIS3,VINE3,VAGV4,VIVT3,,,,,,,,,,,,,,,
RPPR3,SLED6,TBLE6,TMCP3,TSEP4,VAGV4,VINE6,TLPP4,TROR3,VINE5,VALE3,VIVT4,,,,,,,,,,,,,,,
RPPR5,SNSY5,TCHN3,TMCP4,TSPP3,VALE3,VIVO3,TMAR3,TROR4,VINE6,VALE5,VLID3,,,,,,,,,,,,,,,
RPPR6,SOES3,TCHN4,TMGC3,TSPP4,VALE5,VIVO4,TMAR5,TRPL3,VIVO3,VINE3,VSPT3,,,,,,,,,,,,,,,
RPSA4,SOES4,TCNO3,TMGC7,TUPY3,VCPA4,VPSC4,TMAR6,TRPL4,VIVO4,VINE5,VULC3,,,,,,,,,,,,,,,
RSIP3,SOLO3,TCNO4,TNCP3,TUPY4,VGOR4,VPTA4,TMCP3,TUPY3,VNET3,VINE6,WEGE3,,,,,,,,,,,,,,,
RSIP4,SOLO4,TCOC3,TNCP4,TXRX3,VINE3,VULC3,TMCP4,TUPY4,VPSC3,VIVO3,WHRL3,,,,,,,,,,,,,,,
RSUL4,SOND3,TCOC4,TNEP3,TXRX4,VINE5,VULC4,TMGC3,TXRX4,VPSC4,VIVO4,WHRL4,,,,,,,,,,,,,,,
SALM3,SOND5,TCSL3,TNEP4,UBBR3,VINE6,WEGE3,TMGC6,UBBR3,VPTA3,VLID3,WISA3,,,,,,,,,,,,,,,
SALM4,SOND6,TCSL4,TNLP3,UBBR4,VPSC4,WEGE4,TMGC7,UBBR4,VPTA4,VPSC4,WISA4,,,,,,,,,,,,,,,
SAMI3,SPRI3,TCSP3,TNLP4,UBHD3,VPTA4,WHRL3,TNCP3,UCOP4,VULC3,VSPT3,,,,,,,,,,,,,,,,
SAMI4,SPRI5,TCSP4,TOYB3,UCOP4,VULC3,WHRL4,TNCP4,UGPA3,WEGE3,VULC3,,,,,,,,,,,,,,,,
SANO3,SPRI6,TDBH3,TOYB5,UGPA3,VULC4,WISA4,TNLP3,UGPA4,WHRL3,WEGE3,,,,,,,,,,,,,,,,
SANO4,STED4,TDBH4,TOYB6,UGPA4,WEGE3,,TNLP4,UNIP3,WHRL4,WHRL3,,,,,,,,,,,,,,,,
SASG3,SULT3,TEKA3,TPRC3,UNIP3,WEGE4,,TOTS3,UNIP5,WISA3,WHRL4,,,,,,,,,,,,,,,,
SBSP3,SULT4,TEKA4,TPRC6,UNIP5,WISA3,,TOYB3,UNIP6,WISA4,WISA3,,,,,,,,,,,,,,,,
SCAR3,SUZA4,TELB3,TRFO3,UNIP6,WISA4,,TOYB4,UOLL4,,WISA4,,,,,,,,,,,,,,,,
SCAR4,TANC4,TELB4,TRFO4,USIM3,,,TPIS3,USIM3,,WMBY3,,,,,,,,,,,,,,,,
SCLO3,TCHN3,TENE5,TROR4,USIM5,,,TRFO3,USIM5,,,,,,,,,,,,,,,,,,
SCLO4,TCHN4,TEPR3,TRPL3,USIM6,,,TRFO4,USIM6,,,,,,,,,,,,,,,,,,
SEMP3,TCNO3,TEPR4,TRPL4,VAGV3,,,TRIS3,VALE3,,,,,,,,,,,,,,,,,,
SGAS3,TCNO4,TIBR5,TSEP3,VAGV4,,,TRNA3,VALE5,,,,,,,,,,,,,,,,,,
SGAS4,TCOC3,TIBR6,TSEP4,VALE3,,,TRNA4,VCPA4,,,,,,,,,,,,,,,,,,
SGEN3,TCOC4,TKNO4,TSPP3,VALE5,,,TROR3,VGOR4,,,,,,,,,,,,,,,,,,
SGEN4,TCSL3,TLCP3,TSPP4,VCPA4,,,TROR4,VINE3,,,,,,,,,,,,,,,,,,
SHAP3,TCSL4,TLCP4,TUPY3,VGOR4,,,TRPL3,VINE5,,,,,,,,,,,,,,,,,,
SHAP4,TCSP3,TLPP3,TUPY4,VINE3,,,TRPL4,VINE6,,,,,,,,,,,,,,,,,,
SHUL4,TCSP4,TLPP4,UBBR3,VINE5,,,TUPY3,VIVO3,,,,,,,,,,,,,,,,,,
SIBR6,TDBH3,TMAR3,UBBR4,VINE6,,,TUPY4,VIVO4,,,,,,,,,,,,,,,,,,
SIBR7,TDBH4,TMAR5,UBHD3,VPSC3,,,TXRX3,VPSC3,,,,,,,,,,,,,,,,,,
SIFC3,TEBA3,TMAR6,UCOP4,VPSC4,,,TXRX4,VPSC4,,,,,,,,,,,,,,,,,,
SIFC4,TEBA5,TMCP3,UGPA3,VPTA3,,,UBBR3,VPTA3,,,,,,,,,,,,,,,,,,
SJOS4,TEBA6,TMCP4,UGPA4,VPTA4,,,UBBR4,VPTA4,,,,,,,,,,,,,,,,,,
SLAL3,TEKA3,TMGC3,UNIP3,VULC3,,,UCOP4,VULC3,,,,,,,,,,,,,,,,,,
SLAL4,TEKA4,TMGC6,UNIP5,VULC4,,,UGPA3,VULC4,,,,,,,,,,,,,,,,,,
SLCP3,TELB3,TMGC7,UNIP6,WEGE3,,,UGPA4,WEGE3,,,,,,,,,,,,,,,,,,
SLED3,TELB4,TNCP3,USIM3,WEGE4,,,UNIP3,WHRL3,,,,,,,,,,,,,,,,,,
SLED4,TENE5,TNCP4,USIM5,WISA4,,,UNIP5,WHRL4,,,,,,,,,,,,,,,,,,
SLED5,TEPR3,TNEP3,USIM6,WMBY3,,,UNIP6,WISA3,,,,,,,,,,,,,,,,,,
SLED6,TEPR4,TNEP4,VAGV3,ZIVI4,,,UOLL4,WISA4,,,,,,,,,,,,,,,,,,
SOES3,TERJ3,TNLP3,VAGV4,,,,USIM3,WMBY3,,,,,,,,,,,,,,,,,,
SOES4,TERJ4,TNLP4,VALE3,,,,USIM5,,,,,,,,,,,,,,,,,,,
SOLO3,TETE3,TOYB5,VALE5,,,,USIM6,,,,,,,,,,,,,,,,,,,
SOLO4,TIBR3,TOYB6,VCPA4,,,,VALE3,,,,,,,,,,,,,,,,,,,
SOND3,TIBR5,TPRC3,VGOR4,,,,VALE5,,,,,,,,,,,,,,,,,,,
SOND5,TIBR6,TPRC6,VINE5,,,,VCPA4,,,,,,,,,,,,,,,,,,,
SOND6,TKNO3,TRBR4,VINE6,,,,VGOR4,,,,,,,,,,,,,,,,,,,
SPPE3,TKNO4,TRFO3,VPSC3,,,,VINE3,,,,,,,,,,,,,,,,,,,
SPRI3,TLCP3,TRFO4,VPSC4,,,,VINE5,,,,,,,,,,,,,,,,,,,
SPRI5,TLCP4,TRPL3,VPTA4,,,,VINE6,,,,,,,,,,,,,,,,,,,
SPRI6,TLPP3,TRPL4,WISA4,,,,VIVO3,,,,,,,,,,,,,,,,,,,
SULT3,TLPP4,TSEP3,ZIVI4,,,,VIVO4,,,,,,,,,,,,,,,,,,,
SULT4,TMAR3,TSEP4,,,,,VPSC4,,,,,,,,,,,,,,,,,,,
SUZA4,TMAR5,TSPP3,,,,,VPTA3,,,,,,,,,,,,,,,,,,,
TAMR3,TMAR6,TSPP4,,,,,VPTA4,,,,,,,,,,,,,,,,,,,
TAMR4,TMCP3,TUPY3,,,,,VULC3,,,,,,,,,,,,,,,,,,,
TANC4,TMCP4,TUPY4,,,,,VULC4,,,,,,,,,,,,,,,,,,,
TBAC3,TMGC3,TXRX4,,,,,WEGE3,,,,,,,,,,,,,,,,,,,
TBAC6,TMGC7,UBBR3,,,,,WEGE4,,,,,,,,,,,,,,,,,,,
TBAC7,TMGR3,UBBR4,,,,,WHRL3,,,,,,,,,,,,,,,,,,,
TBRS3,TMGR5,UBHD3,,,,,WHRL4,,,,,,,,,,,,,,,,,,,
TBRS4,TMGR6,UCOP4,,,,,WISA3,,,,,,,,,,,,,,,,,,,
TCHN3,TMGR7,UGPA3,,,,,WISA4,,,,,,,,,,,,,,,,,,,
TCHN4,TMGR8,UGPA4,,,,,,,,,,,,,,,,,,,,,,,,
TCNO4,TNCP3,UNIP3,,,,,,,,,,,,,,,,,,,,,,,,
TCOC3,TNCP4,UNIP5,,,,,,,,,,,,,,,,,,,,,,,,
TCOC4,TNEP3,UNIP6,,,,,,,,,,,,,,,,,,,,,,,,
TCSL3,TNEP4,USIM3,,,,,,,,,,,,,,,,,,,,,,,,
TCSL4,TNLP3,USIM5,,,,,,,,,,,,,,,,,,,,,,,,
TCSP3,TNLP4,USIM6,,,,,,,,,,,,,,,,,,,,,,,,
TCSP4,TOYB5,VAGV3,,,,,,,,,,,,,,,,,,,,,,,,
TEBA3,TOYB6,VAGV4,,,,,,,,,,,,,,,,,,,,,,,,
TEBA5,TPRC3,VALE3,,,,,,,,,,,,,,,,,,,,,,,,
TEBA6,TPRC6,VALE5,,,,,,,,,,,,,,,,,,,,,,,,
TEKA4,TRBR4,VCPA4,,,,,,,,,,,,,,,,,,,,,,,,
TELB3,TRFO3,VGOR4,,,,,,,,,,,,,,,,,,,,,,,,
TELB4,TRFO4,VINE5,,,,,,,,,,,,,,,,,,,,,,,,
TENE5,TRPL3,VINE6,,,,,,,,,,,,,,,,,,,,,,,,
TEPR3,TRPL4,VPSC4,,,,,,,,,,,,,,,,,,,,,,,,
TEPR4,TSEP3,VPTA4,,,,,,,,,,,,,,,,,,,,,,,,
TERJ3,TSEP4,VSPT3,,,,,,,,,,,,,,,,,,,,,,,,
TERJ4,TSPP3,VULC4,,,,,,,,,,,,,,,,,,,,,,,,
TIBR5,TSPP4,WISA4,,,,,,,,,,,,,,,,,,,,,,,,
TIBR6,TUPY3,WMBY4,,,,,,,,,,,,,,,,,,,,,,,,
TKNO3,TUPY4,ZIVI4,,,,,,,,,,,,,,,,,,,,,,,,
TKNO4,TXRX4,,,,,,,,,,,,,,,,,,,,,,,,,
TLCP3,UBBR3,,,,,,,,,,,,,,,,,,,,,,,,,
TLCP4,UBBR4,,,,,,,,,,,,,,,,,,,,,,,,,
TLPP3,UBHD3,,,,,,,,,,,,,,,,,,,,,,,,,
TLPP4,UCOP4,,,,,,,,,,,,,,,,,,,,,,,,,
TMCP3,UGPA4,,,,,,,,,,,,,,,,,,,,,,,,,
TMCP4,UNIP3,,,,,,,,,,,,,,,,,,,,,,,,,
TMGC3,UNIP5,,,,,,,,,,,,,,,,,,,,,,,,,
TMGC6,UNIP6,,,,,,,,,,,,,,,,,,,,,,,,,
TMGC7,USIM3,,,,,,,,,,,,,,,,,,,,,,,,,
TMGR3,USIM5,,,,,,,,,,,,,,,,,,,,,,,,,
TMGR6,USIM6,,,,,,,,,,,,,,,,,,,,,,,,,
TMGR8,VAGV3,,,,,,,,,,,,,,,,,,,,,,,,,
TNCP3,VAGV4,,,,,,,,,,,,,,,,,,,,,,,,,
TNCP4,VALE3,,,,,,,,,,,,,,,,,,,,,,,,,
TNEP3,VALE5,,,,,,,,,,,,,,,,,,,,,,,,,
TNEP4,VCPA4,,,,,,,,,,,,,,,,,,,,,,,,,
TNLP3,VGOR4,,,,,,,,,,,,,,,,,,,,,,,,,
TNLP4,VINE5,,,,,,,,,,,,,,,,,,,,,,,,,
TOYB5,VINE6,,,,,,,,,,,,,,,,,,,,,,,,,
TPRC3,VPSC3,,,,,,,,,,,,,,,,,,,,,,,,,
TPRC6,VPSC4,,,,,,,,,,,,,,,,,,,,,,,,,
TRBR3,VPTA3,,,,,,,,,,,,,,,,,,,,,,,,,
TRBR4,VPTA4,,,,,,,,,,,,,,,,,,,,,,,,,
TRJC3,VSMA3,,,,,,,,,,,,,,,,,,,,,,,,,
TRJC6,VSPT3,,,,,,,,,,,,,,,,,,,,,,,,,
TROR4,VULC4,,,,,,,,,,,,,,,,,,,,,,,,,
TRPL3,WISA4,,,,,,,,,,,,,,,,,,,,,,,,,
TRPL4,WMBY4,,,,,,,,,,,,,,,,,,,,,,,,,
TSEP3,ZIVI3,,,,,,,,,,,,,,,,,,,,,,,,,
TSEP4,ZIVI4,,,,,,,,,,,,,,,,,,,,,,,,,
TSPC3,,,,,,,,,,,,,,,,,,,,,,,,,,
TSPC6,,,,,,,,,,,,,,,,,,,,,,,,,,
TSPP3,,,,,,,,,,,,,,,,,,,,,,,,,,
TSPP4,,,,,,,,,,,,,,,,,,,,,,,,,,
TUPY3,,,,,,,,,,,,,,,,,,,,,,,,,,
TUPY4,,,,,,,,,,,,,,,,,,,,,,,,,,
TXRX4,,,,,,,,,,,,,,,,,,,,,,,,,,
UBBR3,,,,,,,,,,,,,,,,,,,,,,,,,,
UBBR4,,,,,,,,,,,,,,,,,,,,,,,,,,
UBHD3,,,,,,,,,,,,,,,,,,,,,,,,,,
UCOP4,,,,,,,,,,,,,,,,,,,,,,,,,,
UGPA4,,,,,,,,,,,,,,,,,,,,,,,,,,
UNIP3,,,,,,,,,,,,,,,,,,,,,,,,,,
UNIP5,,,,,,,,,,,,,,,,,,,,,,,,,,
UNIP6,,,,,,,,,,,,,,,,,,,,,,,,,,
USIM3,,,,,,,,,,,,,,,,,,,,,,,,,,
USIM5,,,,,,,,,,,,,,,,,,,,,,,,,,
USIM6,,,,,,,,,,,,,,,,,,,,,,,,,,
VAGV3,,,,,,,,,,,,,,,,,,,,,,,,,,
VAGV4,,,,,,,,,,,,,,,,,,,,,,,,,,
VALE3,,,,,,,,,,,,,,,,,,,,,,,,,,
VALE5,,,,,,,,,,,,,,,,,,,,,,,,,,
VCPA4,,,,,,,,,,,,,,,,,,,,,,,,,,
VGOR4,,,,,,,,,,,,,,,,,,,,,,,,,,
VINE5,,,,,,,,,,,,,,,,,,,,,,,,,,
VINE6,,,,,,,,,,,,,,,,,,,,,,,,,,
VPSC4,,,,,,,,,,,,,,,,,,,,,,,,,,
VPTA3,,,,,,,,,,,,,,,,,,,,,,,,,,
VPTA4,,,,,,,,,,,,,,,,,,,,,,,,,,
VSMA3,,,,,,,,,,,,,,,,,,,,,,,,,,
VSPT3,,,,,,,,,,,,,,,,,,,,,,,,,,
VULC3,,,,,,,,,,,,,,,,,,,,,,,,,,
VULC4,,,,,,,,,,,,,,,,,,,,,,,,,,
WHMT3,,,,,,,,,,,,,,,,,,,,,,,,,,
WMBY4,,,,,,,,,,,,,,,,,,,,,,,,,,
ZIVI3,,,,,,,,,,,,,,,,,,,,,,,,,,
ZIVI4,,,,,,,,,,,,,,,,,,,,,,,,,,
